order_id,customer_id,product_id,order_date,channel,quantity,unit_price,discount_pct,returned,status
50000,10001,1012,2025-09-30,android,1,15.0,15.0,0,delivered
50001,10001,1003,2026-02-26,web,1,59.0,0.0,0,delivered
50002,10001,1013,2025-10-03,web,1,34.0,0.0,0,delivered
50003,10002,1009,2025-11-16,ios,1,69.0,10.0,1,returned
50004,10002,1009,2026-07-15,ios,1,69.0,0.0,0,delivered
50005,10002,1012,2025-04-22,ios,1,15.0,0.0,1,returned
50006,10002,1014,2025-09-09,web,1,89.0,0.0,0,delivered
50007,10002,1015,2025-12-12,android,1,490.0,0.0,1,returned
50008,10002,1006,2025-12-21,web,1,199.0,10.0,0,shipped
50009,10002,1001,2025-10-10,android,1,89.0,0.0,0,shipped
50010,10003,1009,2026-02-02,web,1,69.0,15.0,0,delivered
50011,10003,1011,2025-10-16,web,1,24.0,0.0,0,delivered
50012,10003,1005,2026-06-06,store,1,129.0,0.0,0,delivered
50013,10004,1006,2026-05-24,web,1,199.0,0.0,0,delivered
50014,10004,1011,2026-02-08,android,1,24.0,0.0,0,delivered
50015,10004,1005,2026-05-17,web,3,129.0,5.0,1,returned
50016,10004,1009,2026-06-17,android,1,69.0,10.0,0,delivered
50017,10004,1006,2026-05-22,web,2,199.0,15.0,0,delivered
50018,10004,1003,2026-01-29,store,1,59.0,5.0,0,delivered
50019,10004,1014,2026-03-11,ios,1,89.0,0.0,0,delivered
50020,10005,1010,2026-05-25,web,1,29.0,0.0,0,cancelled
50021,10005,1015,2026-02-10,ios,1,49.0,0.0,1,returned
50022,10005,1006,2025-07-21,web,3,199.0,0.0,1,returned
50023,10005,1006,2026-03-05,web,1,199.0,5.0,0,delivered
50024,10006,1001,2025-10-29,ios,1,89.0,5.0,0,delivered
50025,10006,1002,2026-02-09,android,1,149.0,0.0,0,delivered
50026,10006,1006,2026-01-15,ios,1,199.0,0.0,0,delivered
50027,10006,1015,2025-10-04,web,1,49.0,0.0,0,cancelled
50028,10006,1006,2025-08-26,web,1,199.0,5.0,0,delivered
50029,10006,1010,2026-06-26,store,1,29.0,5.0,0,delivered
50030,10007,1006,2025-09-22,android,3,199.0,0.0,0,delivered
50031,10007,1013,2025-10-26,web,1,34.0,10.0,0,delivered
50032,10007,1005,2025-03-07,android,1,129.0,0.0,0,delivered
50033,10007,1009,2026-04-02,web,1,69.0,0.0,0,delivered
50034,10007,1010,2026-06-18,store,1,29.0,0.0,0,delivered
50035,10007,1014,2026-07-30,ios,1,89.0,0.0,1,returned
50036,10008,1013,2025-11-17,android,1,34.0,0.0,1,returned
50037,10009,1011,2025-10-14,ios,1,24.0,0.0,0,shipped
50038,10009,1003,2025-11-05,web,1,59.0,0.0,0,shipped
50039,10009,1009,2025-11-20,web,1,69.0,5.0,1,returned
50040,10009,1009,2025-05-17,android,1,69.0,0.0,0,delivered
50041,10009,1014,2025-02-14,web,1,89.0,0.0,0,delivered
50042,10010,1008,2026-07-16,web,1,39.0,0.0,0,delivered
50043,10010,1005,2026-07-04,store,1,129.0,0.0,0,delivered
50044,10010,1006,2026-03-16,ios,1,199.0,0.0,0,delivered
50045,10010,1004,2026-03-02,android,1,79.0,0.0,0,delivered
50046,10010,1012,2026-03-31,web,1,15.0,0.0,0,delivered
50047,10010,1002,2026-01-19,web,1,149.0,15.0,0,delivered
50048,10010,1012,2026-01-09,android,1,15.0,15.0,0,delivered
50049,10011,1014,2026-06-21,ios,1,89.0,0.0,0,delivered
50050,10012,1014,2026-06-12,web,1,89.0,0.0,0,cancelled
50051,10012,1010,2026-07-06,web,1,29.0,0.0,0,delivered
50052,10012,1010,2026-05-27,web,1,29.0,0.0,0,delivered
50053,10012,1006,2026-05-30,web,1,199.0,0.0,0,delivered
50054,10012,1014,2026-07-01,store,1,89.0,0.0,0,cancelled
50055,10013,1003,2026-06-05,ios,1,59.0,5.0,0,delivered
50056,10014,1003,2025-07-22,android,1,59.0,0.0,0,delivered
50057,10014,1012,2025-12-07,store,1,15.0,0.0,0,delivered
50058,10014,1003,2026-08-19,web,1,59.0,5.0,0,delivered
50059,10015,1013,2026-05-30,store,1,34.0,0.0,0,delivered
50060,10015,1009,2026-04-13,web,1,69.0,0.0,0,delivered
50061,10015,1014,2025-11-12,web,3,89.0,0.0,0,delivered
50062,10015,1015,2026-02-23,web,1,49.0,15.0,1,returned
50063,10016,1013,2026-06-22,web,1,34.0,0.0,1,returned
50064,10016,1007,2026-05-02,android,1,119.0,0.0,0,shipped
50065,10016,1012,2025-09-15,web,2,15.0,0.0,0,delivered
50066,10016,1005,2025-09-13,ios,1,129.0,0.0,1,returned
50067,10016,1003,2025-07-12,android,1,59.0,0.0,0,delivered
50068,10016,1002,2025-10-08,ios,1,149.0,0.0,0,delivered
50069,10017,1010,2026-03-12,android,1,29.0,0.0,0,delivered
50070,10017,1001,2025-08-31,ios,1,89.0,0.0,0,shipped
50071,10018,1014,2026-05-15,web,1,89.0,5.0,0,delivered
50072,10018,1003,2026-06-29,web,1,59.0,0.0,0,delivered
50073,10018,1002,2026-05-31,web,1,149.0,0.0,0,delivered
50074,10019,1002,2026-04-17,web,1,149.0,5.0,0,delivered
50075,10019,1010,2026-04-18,store,1,29.0,5.0,0,delivered
50076,10019,1005,2026-02-27,store,1,129.0,0.0,1,returned
50077,10019,1012,2026-05-29,android,1,15.0,0.0,0,delivered
50078,10019,1012,2026-07-07,android,1,15.0,0.0,0,delivered
50079,10019,1008,2026-05-28,android,1,39.0,10.0,0,delivered
50080,10019,1005,2026-06-18,web,2,129.0,0.0,0,delivered
50081,10020,1013,2025-11-21,web,1,34.0,5.0,0,delivered
50082,10021,1014,2026-01-16,web,1,89.0,10.0,0,delivered
50083,10021,1006,2026-08-07,android,1,199.0,0.0,0,shipped
50084,10022,1007,2025-11-28,web,1,119.0,0.0,0,delivered
50085,10022,1002,2026-01-18,ios,1,149.0,0.0,0,cancelled
50086,10022,1014,2026-02-24,ios,2,89.0,0.0,0,delivered
50087,10022,1010,2026-08-07,web,1,29.0,0.0,0,delivered
50088,10022,1012,2025-06-21,ios,1,15.0,5.0,0,delivered
50089,10022,1005,2026-07-02,store,1,129.0,0.0,0,delivered
50090,10022,1012,2026-02-07,store,1,15.0,0.0,0,delivered
50091,10023,1005,2025-07-20,store,1,129.0,0.0,0,delivered
50092,10024,1005,2026-06-12,web,1,129.0,5.0,0,shipped
50093,10024,1009,2025-09-27,store,1,69.0,0.0,0,delivered
50094,10024,1005,2025-02-08,web,1,129.0,10.0,0,delivered
50095,10024,1004,2026-02-28,store,1,79.0,0.0,0,delivered
50096,10024,1009,2025-12-08,ios,2,69.0,10.0,0,delivered
50097,10025,1005,2025-03-06,android,1,129.0,0.0,0,delivered
50098,10025,1001,2025-11-12,android,1,89.0,0.0,0,delivered
50099,10025,1002,2025-11-23,web,2,149.0,0.0,0,cancelled
50100,10025,1008,2025-10-26,android,1,39.0,15.0,0,shipped
50101,10026,1003,2026-01-17,web,1,59.0,0.0,0,delivered
50102,10026,1010,2025-06-26,ios,1,29.0,0.0,0,delivered
50103,10026,1002,2025-09-25,android,1,149.0,0.0,0,delivered
50104,10026,1005,2025-11-14,store,1,129.0,0.0,0,delivered
50105,10027,1003,2026-04-02,ios,1,59.0,5.0,0,delivered
50106,10027,1007,2025-09-18,android,1,119.0,5.0,0,delivered
50107,10027,1011,2025-09-23,store,1,24.0,0.0,0,cancelled
50108,10028,1010,2026-05-27,android,1,29.0,0.0,0,delivered
50109,10028,1003,2026-07-31,android,1,59.0,0.0,0,shipped
50110,10028,1004,2026-06-12,web,1,79.0,0.0,0,delivered
50111,10028,1005,2026-03-04,web,1,129.0,5.0,1,returned
50112,10029,1001,2025-10-05,web,1,89.0,0.0,0,shipped
50113,10030,1011,2025-10-09,ios,1,24.0,0.0,0,delivered
50114,10030,1009,2025-12-24,web,1,69.0,0.0,1,returned
50115,10030,1004,2026-04-05,ios,1,79.0,0.0,0,delivered
50116,10031,1002,2026-02-01,store,1,149.0,0.0,0,delivered
50117,10031,1004,2026-06-28,ios,1,79.0,0.0,0,delivered
50118,10031,1001,2026-02-06,web,3,89.0,0.0,0,delivered
50119,10031,1014,2026-04-23,store,1,89.0,0.0,0,delivered
50120,10031,1002,2026-01-11,web,1,149.0,0.0,0,delivered
50121,10031,1010,2025-10-25,web,1,29.0,0.0,0,delivered
50122,10032,1009,2026-07-15,web,1,69.0,0.0,0,delivered
50123,10032,1002,2026-08-05,web,1,149.0,0.0,0,shipped
50124,10032,1012,2026-05-27,ios,1,15.0,5.0,0,delivered
50125,10032,1015,2026-04-21,android,1,49.0,10.0,0,delivered
50126,10033,1003,2026-01-19,ios,1,59.0,0.0,0,delivered
50127,10033,1015,2026-02-28,android,1,49.0,0.0,1,returned
50128,10034,1008,2026-04-23,web,1,39.0,0.0,1,returned
50129,10034,1002,2025-07-09,web,1,149.0,0.0,0,delivered
50130,10034,1009,2025-12-10,ios,1,69.0,0.0,0,delivered
50131,10034,1009,2025-09-19,ios,1,69.0,0.0,1,returned
50132,10034,1005,2026-04-07,ios,1,129.0,0.0,0,cancelled
50133,10034,1015,2026-06-14,ios,1,49.0,0.0,1,returned
50134,10034,1009,2025-07-26,web,2,69.0,0.0,0,delivered
50135,10035,1013,2026-04-12,ios,1,34.0,0.0,0,shipped
50136,10036,1002,2025-04-13,ios,1,149.0,10.0,0,delivered
50137,10037,1006,2026-07-09,web,1,199.0,0.0,0,delivered
50138,10038,1002,2026-03-03,web,1,149.0,0.0,0,delivered
50139,10038,1015,2026-02-05,web,1,49.0,0.0,1,returned
50140,10038,1004,2026-03-13,web,1,79.0,0.0,0,delivered
50141,10038,1012,2025-11-01,web,1,15.0,0.0,0,delivered
50142,10038,1013,2026-02-16,web,2,34.0,0.0,0,delivered
50143,10038,1001,2026-06-14,web,1,89.0,0.0,0,delivered
50144,10038,1001,2026-02-09,web,1,89.0,0.0,0,delivered
50145,10039,1002,2026-04-08,ios,1,149.0,10.0,1,returned
50146,10040,1009,2025-10-26,android,1,69.0,0.0,0,delivered
50147,10040,1008,2026-01-04,android,1,39.0,5.0,0,delivered
50148,10040,1014,2026-03-17,ios,2,89.0,15.0,0,delivered
50149,10041,1005,2026-07-17,store,1,129.0,0.0,0,delivered
50150,10041,1002,2026-07-12,web,1,149.0,0.0,0,shipped
50151,10042,1002,2025-11-09,ios,1,149.0,0.0,0,cancelled
50152,10042,1013,2026-04-07,android,1,34.0,0.0,0,shipped
50153,10042,1003,2026-06-28,web,1,59.0,0.0,0,delivered
50154,10042,1008,2026-07-03,web,1,39.0,15.0,0,delivered
50155,10042,1010,2026-01-15,web,1,29.0,0.0,0,delivered
50156,10042,1013,2026-03-27,web,1,34.0,0.0,0,delivered
50157,10043,1015,2025-08-09,web,1,49.0,15.0,1,returned
50158,10043,1002,2026-01-02,android,3,149.0,5.0,0,delivered
50159,10043,1014,2026-03-10,store,1,89.0,0.0,0,delivered
50160,10043,1004,2025-08-29,web,1,79.0,5.0,0,delivered
50161,10043,1013,2026-05-11,android,1,34.0,10.0,0,delivered
50162,10044,1004,2025-03-31,ios,1,79.0,10.0,0,delivered
50163,10044,1015,2025-08-24,web,1,49.0,0.0,1,returned
50164,10044,1009,2025-03-21,android,1,69.0,0.0,0,delivered
50165,10044,1008,2025-04-11,android,1,39.0,15.0,0,delivered
50166,10044,1006,2025-06-26,ios,1,199.0,0.0,0,delivered
50167,10045,1006,2025-10-13,android,1,199.0,0.0,0,shipped
50168,10046,1013,2025-06-11,ios,1,34.0,0.0,1,returned
50169,10046,1003,2026-05-31,web,1,59.0,15.0,0,delivered
50170,10046,1011,2026-04-30,web,1,24.0,0.0,0,delivered
50171,10046,1015,2026-02-07,web,2,49.0,0.0,1,returned
50172,10046,1010,2026-06-25,web,2,29.0,10.0,0,delivered
50173,10046,1008,2025-08-05,android,1,39.0,10.0,0,cancelled
50174,10046,1001,2026-08-26,ios,3,89.0,0.0,0,delivered
50175,10047,1012,2025-12-17,web,1,15.0,0.0,0,delivered
50176,10047,1010,2026-06-29,android,1,29.0,10.0,0,delivered
50177,10047,1005,2025-06-26,store,1,129.0,0.0,0,delivered
50178,10048,1003,2026-03-11,web,1,59.0,0.0,0,delivered
50179,10048,1001,2025-09-11,web,1,89.0,0.0,0,delivered
50180,10048,1001,2025-06-09,store,1,89.0,0.0,0,delivered
50181,10048,1010,2026-02-01,store,1,29.0,5.0,0,delivered
50182,10048,1008,2025-10-06,web,1,39.0,5.0,0,delivered
50183,10048,1006,2025-08-15,web,1,199.0,0.0,0,delivered
50184,10048,1014,2026-01-24,web,1,89.0,0.0,1,returned
50185,10049,1015,2025-10-26,web,1,49.0,0.0,1,returned
50186,10049,1009,2026-08-05,android,1,69.0,5.0,0,delivered
50187,10049,1006,2025-11-16,ios,1,199.0,5.0,0,delivered
50188,10049,1007,2026-03-24,store,1,119.0,5.0,0,delivered
50189,10050,1014,2026-01-10,store,1,89.0,0.0,1,returned
50190,10050,1009,2025-03-12,android,2,69.0,0.0,0,delivered
50191,10050,1008,2026-08-10,ios,1,39.0,0.0,0,delivered
50192,10050,1006,2025-06-28,ios,1,199.0,0.0,0,shipped
50193,10050,1013,2026-01-30,web,1,34.0,15.0,1,returned
50194,10051,1014,2025-05-22,ios,1,89.0,0.0,0,shipped
50195,10052,1001,2025-05-27,web,1,89.0,0.0,0,delivered
50196,10052,1007,2025-05-26,store,3,119.0,5.0,0,delivered
50197,10052,1013,2025-05-20,web,1,34.0,0.0,0,cancelled
50198,10053,1008,2025-11-28,web,1,39.0,0.0,0,cancelled
50199,10053,1005,2026-04-07,android,1,129.0,0.0,0,delivered
50200,10053,1006,2026-01-31,web,1,199.0,0.0,0,delivered
50201,10054,1005,2026-06-09,web,1,129.0,15.0,0,delivered
50202,10054,1015,2026-03-10,web,1,49.0,0.0,0,delivered
50203,10054,1008,2025-08-13,web,1,39.0,0.0,0,delivered
50204,10054,1013,2025-04-14,web,1,34.0,0.0,1,returned
50205,10054,1003,2025-08-04,web,1,59.0,0.0,0,delivered
50206,10054,1005,2025-11-13,store,2,129.0,0.0,0,delivered
50207,10054,1005,2026-01-15,ios,1,129.0,0.0,0,delivered
50208,10054,1015,2026-03-13,ios,1,49.0,0.0,0,delivered
50209,10055,1004,2025-10-20,web,1,79.0,0.0,0,delivered
50210,10055,1011,2025-12-07,store,1,24.0,5.0,0,shipped
50211,10055,1014,2026-05-17,ios,1,89.0,0.0,0,delivered
50212,10055,1001,2026-05-29,ios,1,89.0,0.0,0,shipped
50213,10055,1011,2026-03-16,ios,1,24.0,0.0,0,cancelled
50214,10056,1009,2025-11-29,web,1,69.0,0.0,0,delivered
50215,10056,1007,2026-04-26,web,1,119.0,0.0,0,delivered
50216,10056,1002,2025-12-08,web,1,149.0,0.0,0,delivered
50217,10056,1006,2026-03-18,web,1,199.0,0.0,0,delivered
50218,10056,1015,2026-08-12,store,1,490.0,0.0,0,delivered
50219,10056,1001,2025-09-28,store,2,89.0,0.0,0,shipped
50220,10056,1009,2025-11-01,android,2,69.0,0.0,1,returned
50221,10056,1012,2025-09-29,store,1,15.0,0.0,0,delivered
50222,10056,1013,2026-05-20,ios,2,34.0,0.0,0,delivered
50223,10057,1015,2026-08-17,store,1,49.0,5.0,0,shipped
50224,10057,1002,2026-01-25,web,1,149.0,0.0,0,cancelled
50225,10057,1007,2025-11-29,ios,1,119.0,5.0,0,delivered
50226,10057,1004,2026-06-16,web,1,79.0,10.0,0,delivered
50227,10057,1002,2026-04-10,web,1,149.0,0.0,0,delivered
50228,10057,1014,2026-05-10,ios,1,89.0,0.0,0,delivered
50229,10057,1002,2026-08-07,android,1,149.0,0.0,0,delivered
50230,10058,1013,2025-03-11,ios,1,34.0,0.0,0,delivered
50231,10058,1004,2025-07-16,web,1,79.0,0.0,0,delivered
50232,10058,1003,2025-05-10,web,1,59.0,0.0,0,delivered
50233,10058,1009,2026-06-13,web,1,69.0,0.0,0,delivered
50234,10058,1007,2025-11-13,web,1,119.0,0.0,0,delivered
50235,10059,1004,2026-06-26,ios,1,79.0,5.0,0,delivered
50236,10059,1009,2026-05-12,store,2,69.0,15.0,0,shipped
50237,10059,1010,2025-12-24,web,1,29.0,0.0,0,delivered
50238,10060,1005,2025-05-28,ios,3,129.0,0.0,0,delivered
50239,10060,1009,2025-11-05,web,1,69.0,0.0,0,delivered
50240,10061,1003,2025-07-22,web,1,59.0,0.0,0,delivered
50241,10061,1005,2025-07-09,android,1,129.0,0.0,0,delivered
50242,10061,1005,2026-04-15,web,1,129.0,5.0,0,shipped
50243,10061,1007,2026-06-16,android,1,119.0,0.0,0,cancelled
50244,10061,1002,2026-05-24,store,1,149.0,0.0,0,delivered
50245,10061,1002,2025-10-14,web,2,149.0,0.0,0,cancelled
50246,10061,1009,2025-06-19,web,1,69.0,10.0,0,delivered
50247,10062,1014,2025-11-17,web,2,89.0,0.0,0,delivered
50248,10062,1002,2026-04-01,android,1,149.0,0.0,0,delivered
50249,10062,1015,2025-07-07,ios,1,49.0,15.0,1,returned
50250,10062,1014,2026-06-07,ios,1,89.0,0.0,1,returned
50251,10063,1014,2026-07-30,web,1,89.0,10.0,1,returned
50252,10063,1014,2026-03-16,ios,1,89.0,0.0,0,delivered
50253,10063,1014,2026-05-27,ios,1,89.0,0.0,0,delivered
50254,10063,1015,2025-12-03,store,1,49.0,0.0,0,delivered
50255,10063,1006,2026-05-19,android,1,199.0,5.0,0,shipped
50256,10064,1012,2026-02-13,web,1,15.0,0.0,0,delivered
50257,10065,1008,2025-07-17,web,1,39.0,0.0,0,delivered
50258,10065,1001,2026-03-21,ios,1,89.0,0.0,0,cancelled
50259,10065,1014,2025-09-23,web,1,89.0,5.0,0,delivered
50260,10065,1014,2025-08-10,ios,1,89.0,0.0,0,delivered
50261,10065,1008,2026-07-06,android,1,39.0,0.0,0,delivered
50262,10065,1001,2026-03-19,store,2,89.0,0.0,0,delivered
50263,10066,1015,2026-04-12,web,1,49.0,0.0,0,delivered
50264,10066,1013,2025-12-12,web,1,34.0,0.0,0,delivered
50265,10067,1014,2026-05-14,android,1,89.0,0.0,0,delivered
50266,10067,1006,2026-07-12,web,1,199.0,0.0,1,returned
50267,10067,1006,2026-04-30,ios,1,199.0,15.0,0,cancelled
50268,10067,1012,2026-06-20,web,1,15.0,0.0,0,delivered
50269,10067,1006,2026-07-02,store,1,199.0,5.0,0,delivered
50270,10068,1004,2026-04-08,store,1,79.0,0.0,0,cancelled
50271,10068,1012,2026-02-18,web,1,15.0,0.0,0,delivered
50272,10068,1010,2025-08-01,ios,1,29.0,0.0,0,delivered
50273,10068,1009,2026-05-07,ios,1,69.0,0.0,0,delivered
50274,10068,1005,2026-06-23,web,1,129.0,0.0,0,delivered
50275,10068,1009,2025-11-08,android,1,69.0,0.0,0,delivered
50276,10068,1009,2026-04-19,ios,1,69.0,5.0,0,delivered
50277,10069,1007,2026-06-27,store,2,119.0,0.0,0,delivered
50278,10069,1012,2026-03-27,ios,1,15.0,0.0,0,delivered
50279,10069,1002,2026-01-07,web,1,149.0,0.0,0,delivered
50280,10069,1013,2026-05-15,web,1,34.0,0.0,0,delivered
50281,10069,1004,2026-01-27,store,1,79.0,10.0,0,delivered
50282,10069,1002,2026-05-03,ios,1,149.0,10.0,0,delivered
50283,10070,1014,2026-07-13,web,1,89.0,0.0,0,delivered
50284,10070,1003,2026-01-03,web,1,59.0,0.0,0,delivered
50285,10070,1011,2026-06-13,ios,1,24.0,10.0,0,delivered
50286,10071,1009,2026-06-03,store,1,69.0,0.0,0,delivered
50287,10071,1008,2026-06-09,web,1,39.0,0.0,0,delivered
50288,10072,1002,2025-10-25,web,1,149.0,0.0,0,delivered
50289,10072,1003,2026-08-09,web,1,59.0,0.0,0,delivered
50290,10072,1012,2026-04-19,ios,2,15.0,15.0,0,delivered
50291,10072,1002,2025-12-25,web,1,149.0,0.0,0,delivered
50292,10072,1008,2025-04-12,web,1,39.0,0.0,0,delivered
50293,10073,1005,2026-06-05,store,2,129.0,0.0,0,delivered
50294,10074,1013,2026-02-02,web,1,34.0,5.0,1,returned
50295,10075,1004,2026-07-16,android,1,79.0,10.0,0,delivered
50296,10075,1008,2026-05-17,ios,1,39.0,0.0,0,cancelled
50297,10075,1014,2026-08-15,web,1,89.0,0.0,0,delivered
50298,10075,1015,2026-04-22,ios,1,49.0,5.0,0,delivered
50299,10075,1006,2026-02-12,android,1,199.0,0.0,0,shipped
50300,10076,1013,2026-06-26,store,1,34.0,5.0,1,returned
50301,10076,1008,2026-06-25,ios,1,39.0,5.0,0,delivered
50302,10077,1009,2025-09-20,web,1,69.0,0.0,0,delivered
50303,10078,1002,2026-07-16,web,1,149.0,0.0,0,cancelled
50304,10078,1009,2026-05-20,web,1,69.0,5.0,0,delivered
50305,10078,1010,2026-04-19,web,1,29.0,0.0,0,delivered
50306,10078,1011,2025-12-22,ios,1,24.0,0.0,0,delivered
50307,10078,1012,2025-12-02,android,1,15.0,0.0,0,delivered
50308,10078,1015,2026-04-03,ios,1,49.0,0.0,0,delivered
50309,10078,1008,2026-08-04,android,2,39.0,0.0,0,delivered
50310,10079,1001,2026-07-09,web,1,89.0,0.0,0,delivered
50311,10079,1014,2026-07-22,web,1,89.0,0.0,0,delivered
50312,10079,1002,2026-02-21,ios,1,149.0,10.0,0,delivered
50313,10079,1013,2025-12-03,web,1,34.0,0.0,0,cancelled
50314,10079,1007,2026-02-20,web,1,119.0,0.0,0,delivered
50315,10079,1015,2026-02-04,web,1,49.0,0.0,0,delivered
50316,10080,1014,2026-02-22,web,1,89.0,10.0,0,delivered
50317,10080,1008,2025-03-18,android,1,39.0,0.0,0,delivered
50318,10080,1015,2025-03-10,store,1,49.0,0.0,0,delivered
50319,10080,1009,2026-08-15,store,1,69.0,0.0,0,delivered
50320,10080,1006,2025-12-25,android,1,199.0,0.0,0,delivered
50321,10080,1014,2025-11-22,web,1,89.0,5.0,1,returned
50322,10081,1014,2025-10-02,store,1,89.0,0.0,0,shipped
50323,10081,1011,2025-09-30,android,1,24.0,0.0,0,delivered
50324,10081,1015,2025-10-06,store,1,49.0,0.0,0,delivered
50325,10081,1005,2025-10-12,ios,1,129.0,0.0,0,delivered
50326,10082,1009,2026-02-18,ios,1,69.0,0.0,0,delivered
50327,10082,1010,2026-03-29,android,1,29.0,0.0,0,delivered
50328,10082,1001,2025-12-22,ios,1,89.0,5.0,0,delivered
50329,10083,1003,2025-05-13,web,2,59.0,0.0,0,delivered
50330,10083,1009,2025-05-21,android,1,69.0,0.0,0,delivered
50331,10083,1012,2025-03-24,android,1,15.0,0.0,0,delivered
50332,10083,1011,2025-05-20,android,1,24.0,10.0,0,delivered
50333,10084,1002,2025-08-29,web,1,149.0,0.0,0,delivered
50334,10084,1010,2025-09-10,android,1,29.0,0.0,0,delivered
50335,10084,1004,2025-09-02,ios,1,79.0,0.0,1,returned
50336,10084,1004,2025-09-10,store,1,79.0,0.0,0,delivered
50337,10085,1007,2025-06-15,web,1,119.0,5.0,0,delivered
50338,10085,1006,2025-06-13,ios,1,199.0,0.0,0,delivered
50339,10085,1007,2025-09-03,web,1,119.0,5.0,0,delivered
50340,10085,1011,2025-04-29,android,1,24.0,0.0,0,delivered
50341,10085,1009,2025-09-15,android,1,69.0,5.0,0,delivered
50342,10085,1001,2025-12-02,store,2,89.0,10.0,0,delivered
50343,10085,1014,2025-08-12,ios,1,89.0,0.0,1,returned
50344,10085,1015,2026-06-16,ios,1,49.0,0.0,1,returned
50345,10085,1007,2026-05-23,web,1,119.0,0.0,0,delivered
50346,10085,1007,2025-09-09,web,1,119.0,0.0,0,delivered
50347,10086,1008,2026-02-23,ios,1,39.0,0.0,0,delivered
50348,10086,1002,2026-05-18,web,1,149.0,0.0,0,delivered
50349,10086,1013,2026-04-22,web,1,34.0,0.0,1,returned
50350,10086,1007,2026-07-09,android,1,119.0,0.0,0,delivered
50351,10087,1004,2026-07-18,web,1,79.0,0.0,0,cancelled
50352,10087,1013,2026-03-05,android,1,34.0,10.0,0,delivered
50353,10087,1013,2026-07-31,store,1,34.0,0.0,0,delivered
50354,10087,1006,2025-08-08,web,1,199.0,5.0,1,returned
50355,10088,1009,2026-02-17,ios,1,69.0,10.0,0,delivered
50356,10088,1013,2026-07-29,ios,1,34.0,5.0,1,returned
50357,10088,1014,2026-06-12,android,1,89.0,0.0,0,delivered
50358,10088,1012,2026-04-13,android,1,15.0,0.0,0,delivered
50359,10088,1007,2026-06-23,ios,1,119.0,0.0,0,delivered
50360,10088,1005,2026-07-21,ios,1,129.0,10.0,0,delivered
50361,10089,1004,2026-04-10,web,1,79.0,0.0,0,delivered
50362,10089,1003,2026-02-03,android,1,59.0,0.0,0,delivered
50363,10089,1008,2026-07-27,web,1,39.0,0.0,0,delivered
50364,10089,1009,2026-07-07,web,2,69.0,0.0,0,delivered
50365,10089,1015,2025-12-15,web,1,49.0,0.0,0,delivered
50366,10089,1011,2026-07-25,ios,1,24.0,0.0,0,delivered
50367,10089,1005,2026-03-30,web,1,129.0,0.0,0,delivered
50368,10090,1010,2025-04-18,web,1,29.0,0.0,0,delivered
50369,10091,1008,2026-02-04,web,1,39.0,0.0,0,delivered
50370,10091,1014,2026-03-03,web,1,89.0,5.0,0,delivered
50371,10092,1002,2026-04-25,web,2,149.0,0.0,0,delivered
50372,10093,1005,2026-06-05,web,1,129.0,5.0,0,delivered
50373,10093,1001,2026-08-09,ios,1,89.0,10.0,0,shipped
50374,10093,1009,2026-07-11,ios,1,69.0,0.0,0,delivered
50375,10093,1010,2026-07-19,web,1,29.0,0.0,0,delivered
50376,10094,1007,2026-05-15,store,1,119.0,0.0,0,delivered
50377,10094,1005,2025-06-26,store,1,129.0,0.0,0,delivered
50378,10095,1009,2025-08-25,web,1,69.0,0.0,0,delivered
50379,10095,1005,2026-07-09,android,1,129.0,0.0,1,returned
50380,10096,1010,2026-03-10,ios,1,29.0,0.0,0,shipped
50381,10096,1006,2025-11-24,web,1,199.0,0.0,0,cancelled
50382,10097,1001,2026-07-09,store,1,89.0,5.0,0,shipped
50383,10097,1008,2026-02-06,web,1,39.0,0.0,0,delivered
50384,10097,1015,2025-10-30,web,1,49.0,0.0,0,delivered
50385,10097,1009,2026-08-25,web,1,69.0,10.0,0,delivered
50386,10098,1009,2026-02-13,ios,1,69.0,0.0,0,delivered
50387,10098,1001,2025-12-06,web,1,89.0,0.0,0,delivered
50388,10098,1001,2026-01-26,web,1,89.0,0.0,0,delivered
50389,10098,1008,2025-07-27,android,1,39.0,5.0,0,delivered
50390,10099,1011,2026-01-16,web,1,24.0,0.0,0,delivered
50391,10100,1015,2025-07-26,ios,1,49.0,0.0,0,delivered
50392,10100,1001,2026-04-05,ios,3,89.0,5.0,0,delivered
50393,10100,1014,2025-11-29,store,1,89.0,0.0,1,returned
50394,10101,1014,2025-05-01,store,1,89.0,0.0,0,delivered
50395,10102,1006,2025-07-29,ios,1,199.0,0.0,0,delivered
50396,10102,1002,2025-04-14,ios,1,149.0,0.0,0,cancelled
50397,10102,1001,2025-07-20,web,1,89.0,0.0,0,delivered
50398,10103,1010,2026-04-26,store,2,29.0,10.0,0,delivered
50399,10103,1005,2025-09-27,android,1,129.0,0.0,0,delivered
50400,10103,1009,2026-05-05,web,1,69.0,0.0,0,delivered
50401,10103,1004,2026-07-23,web,2,79.0,0.0,0,delivered
50402,10103,1012,2026-05-09,ios,1,15.0,0.0,0,delivered
50403,10104,1009,2026-04-28,web,1,69.0,0.0,0,delivered
50404,10104,1009,2025-12-19,ios,1,69.0,0.0,0,delivered
50405,10104,1002,2026-08-10,ios,1,149.0,0.0,0,delivered
50406,10104,1002,2026-08-02,ios,2,149.0,0.0,0,delivered
50407,10104,1010,2025-11-07,android,1,29.0,0.0,0,shipped
50408,10104,1011,2026-04-02,web,1,24.0,15.0,1,returned
50409,10105,1007,2026-07-24,ios,1,119.0,0.0,0,delivered
50410,10105,1007,2026-08-15,web,2,119.0,0.0,0,delivered
50411,10105,1007,2026-07-03,web,1,119.0,15.0,0,delivered
50412,10105,1007,2026-01-19,web,1,119.0,0.0,0,delivered
50413,10105,1004,2026-01-17,web,1,79.0,0.0,0,delivered
50414,10105,1003,2026-08-09,web,1,59.0,0.0,0,delivered
50415,10106,1014,2026-03-21,android,1,89.0,0.0,0,delivered
50416,10106,1010,2025-07-04,ios,1,29.0,15.0,0,shipped
50417,10106,1015,2026-08-11,web,2,49.0,0.0,0,delivered
50418,10106,1001,2026-07-26,ios,3,89.0,0.0,0,delivered
50419,10106,1011,2025-09-11,web,1,24.0,0.0,0,delivered
50420,10107,1007,2025-10-08,android,1,119.0,0.0,1,returned
50421,10107,1004,2026-03-12,store,1,79.0,10.0,0,delivered
50422,10107,1010,2026-07-19,web,1,29.0,0.0,1,returned
50423,10107,1012,2026-08-07,web,1,15.0,0.0,0,delivered
50424,10107,1010,2026-01-24,web,1,29.0,0.0,0,delivered
50425,10107,1014,2025-11-02,android,2,89.0,0.0,0,cancelled
50426,10108,1011,2025-01-30,ios,1,24.0,0.0,0,delivered
50427,10108,1002,2025-01-20,android,1,149.0,5.0,0,delivered
50428,10108,1008,2025-05-06,android,1,39.0,0.0,0,delivered
50429,10109,1001,2025-10-19,web,1,890.0,0.0,0,delivered
50430,10109,1011,2025-09-24,web,1,24.0,0.0,1,returned
50431,10109,1005,2025-09-18,web,1,129.0,5.0,0,delivered
50432,10109,1006,2026-03-19,ios,1,199.0,0.0,0,delivered
50433,10109,1001,2026-02-19,ios,1,89.0,0.0,0,delivered
50434,10110,1014,2026-07-02,ios,1,89.0,10.0,0,shipped
50435,10110,1005,2026-04-23,web,1,129.0,10.0,0,cancelled
50436,10110,1009,2026-05-29,ios,1,69.0,0.0,0,shipped
50437,10111,1010,2025-08-03,web,3,29.0,15.0,0,delivered
50438,10111,1006,2026-03-28,web,1,199.0,0.0,0,delivered
50439,10111,1002,2025-11-02,ios,1,149.0,10.0,0,cancelled
50440,10111,1004,2025-05-20,web,1,79.0,0.0,0,delivered
50441,10112,1007,2026-03-27,web,1,119.0,0.0,0,delivered
50442,10112,1002,2026-07-29,web,1,149.0,0.0,0,shipped
50443,10113,1007,2026-03-04,android,1,119.0,0.0,0,delivered
50444,10113,1009,2025-06-09,ios,1,69.0,0.0,0,delivered
50445,10113,1004,2025-10-21,store,1,79.0,0.0,0,delivered
50446,10113,1015,2026-04-04,ios,1,49.0,0.0,0,delivered
50447,10113,1006,2025-08-24,web,1,199.0,5.0,0,delivered
50448,10114,1015,2026-01-01,ios,1,49.0,0.0,0,delivered
50449,10114,1002,2025-11-13,web,1,149.0,0.0,1,returned
50450,10114,1004,2026-01-08,ios,1,79.0,0.0,0,delivered
50451,10115,1005,2026-03-05,store,1,129.0,0.0,1,returned
50452,10115,1014,2026-01-11,android,1,89.0,0.0,0,delivered
50453,10115,1002,2026-05-11,web,1,149.0,0.0,0,delivered
50454,10115,1007,2026-01-19,web,1,119.0,0.0,1,returned
50455,10115,1007,2026-04-06,ios,1,119.0,0.0,0,delivered
50456,10116,1011,2025-09-29,ios,1,24.0,0.0,1,returned
50457,10116,1006,2025-08-26,web,1,199.0,0.0,0,delivered
50458,10117,1013,2026-01-30,android,1,34.0,0.0,0,delivered
50459,10117,1012,2025-11-08,ios,1,15.0,0.0,0,delivered
50460,10117,1015,2026-06-05,ios,1,49.0,0.0,0,delivered
50461,10117,1012,2026-07-29,android,1,15.0,0.0,0,shipped
50462,10117,1015,2026-03-09,ios,1,49.0,0.0,1,returned
50463,10117,1001,2025-11-04,store,2,89.0,5.0,0,delivered
50464,10118,1002,2025-08-18,web,1,149.0,0.0,0,delivered
50465,10118,1014,2025-10-13,ios,1,89.0,0.0,0,delivered
50466,10118,1015,2025-08-06,ios,2,49.0,0.0,0,delivered
50467,10119,1006,2026-03-27,store,2,199.0,0.0,0,delivered
50468,10119,1003,2026-08-04,web,1,59.0,10.0,0,delivered
50469,10120,1012,2026-05-29,web,2,15.0,0.0,0,delivered
50470,10120,1013,2026-04-24,web,1,34.0,5.0,0,delivered
50471,10120,1011,2025-10-14,android,1,24.0,0.0,0,delivered
50472,10120,1002,2025-05-10,android,1,149.0,0.0,0,delivered
50473,10121,1013,2025-12-07,web,2,34.0,0.0,1,returned
50474,10121,1013,2025-10-13,ios,1,34.0,5.0,0,cancelled
50475,10121,1010,2026-02-19,store,1,29.0,0.0,1,returned
50476,10122,1009,2026-05-18,ios,1,69.0,5.0,0,delivered
50477,10122,1011,2026-08-11,web,1,24.0,10.0,0,delivered
50478,10122,1013,2026-07-11,store,2,34.0,5.0,0,delivered
50479,10122,1001,2026-04-21,ios,1,89.0,10.0,0,delivered
50480,10122,1005,2026-07-30,web,1,129.0,0.0,0,delivered
50481,10122,1002,2026-04-25,web,1,149.0,0.0,0,delivered
50482,10122,1010,2026-07-31,android,1,29.0,5.0,0,delivered
50483,10123,1004,2025-06-05,android,1,79.0,0.0,0,delivered
50484,10123,1008,2025-04-02,store,1,39.0,0.0,0,delivered
50485,10123,1013,2025-06-20,web,1,34.0,0.0,1,returned
50486,10123,1003,2025-06-19,web,1,59.0,5.0,0,delivered
50487,10123,1010,2025-07-20,ios,1,29.0,0.0,0,cancelled
50488,10123,1005,2025-06-30,android,1,129.0,0.0,0,shipped
50489,10123,1007,2025-06-29,web,2,119.0,0.0,0,delivered
50490,10124,1004,2026-07-25,web,1,79.0,10.0,1,returned
50491,10124,1003,2026-07-08,ios,1,59.0,0.0,0,delivered
50492,10124,1010,2026-03-29,store,1,29.0,5.0,0,delivered
50493,10125,1005,2025-06-15,web,1,129.0,0.0,0,delivered
50494,10125,1014,2025-04-24,ios,1,89.0,0.0,0,delivered
50495,10125,1004,2026-02-15,web,1,79.0,0.0,0,delivered
50496,10125,1008,2026-05-04,web,1,39.0,0.0,1,returned
50497,10125,1010,2026-07-14,ios,2,29.0,0.0,0,delivered
50498,10125,1005,2025-05-19,web,1,129.0,0.0,0,delivered
50499,10125,1006,2026-04-30,web,1,199.0,0.0,0,delivered
50500,10125,1001,2025-09-09,web,1,89.0,0.0,0,delivered
50501,10125,1011,2026-01-13,android,1,24.0,5.0,0,delivered
50502,10126,1012,2026-05-08,web,1,15.0,10.0,0,delivered
50503,10126,1013,2026-03-30,web,1,34.0,5.0,1,returned
50504,10126,1015,2025-11-28,ios,1,49.0,0.0,0,delivered
50505,10127,1014,2025-12-03,web,1,89.0,0.0,0,delivered
50506,10127,1005,2026-02-16,android,1,129.0,0.0,0,cancelled
50507,10127,1010,2026-07-27,web,1,29.0,0.0,0,shipped
50508,10127,1014,2025-11-10,web,1,89.0,0.0,0,delivered
50509,10128,1007,2025-12-01,web,1,119.0,0.0,0,delivered
50510,10128,1006,2026-01-04,web,1,199.0,0.0,0,delivered
50511,10129,1001,2026-01-26,android,1,89.0,0.0,0,delivered
50512,10129,1001,2026-07-28,ios,1,89.0,0.0,0,delivered
50513,10129,1010,2025-09-22,web,1,29.0,0.0,1,returned
50514,10129,1015,2026-01-09,web,1,49.0,0.0,0,delivered
50515,10129,1008,2026-03-26,android,1,39.0,0.0,0,delivered
50516,10129,1013,2025-08-31,android,1,34.0,0.0,1,returned
50517,10130,1002,2025-11-29,web,1,149.0,0.0,0,delivered
50518,10130,1011,2026-01-26,ios,1,24.0,0.0,0,delivered
50519,10130,1012,2025-06-06,web,1,15.0,0.0,0,cancelled
50520,10130,1014,2025-09-07,store,1,89.0,15.0,0,delivered
50521,10130,1011,2025-10-15,web,1,24.0,0.0,0,delivered
50522,10130,1012,2025-07-10,web,3,15.0,0.0,0,delivered
50523,10130,1001,2026-06-22,android,2,89.0,0.0,0,delivered
50524,10131,1005,2026-01-25,web,2,129.0,0.0,0,delivered
50525,10132,1014,2025-11-25,web,1,89.0,15.0,0,delivered
50526,10132,1010,2026-05-10,store,1,29.0,10.0,1,returned
50527,10132,1014,2026-07-27,ios,1,89.0,0.0,0,delivered
50528,10132,1006,2026-08-04,store,1,199.0,0.0,0,delivered
50529,10133,1006,2026-01-30,web,1,199.0,0.0,0,delivered
50530,10134,1001,2026-02-11,web,1,89.0,0.0,0,delivered
50531,10134,1015,2026-08-19,web,1,49.0,0.0,1,returned
50532,10134,1006,2026-07-15,android,1,199.0,0.0,0,delivered
50533,10134,1008,2026-04-19,store,1,39.0,0.0,0,delivered
50534,10134,1006,2026-03-12,web,2,199.0,10.0,0,delivered
50535,10134,1012,2026-03-05,web,1,15.0,10.0,0,delivered
50536,10134,1001,2026-06-09,web,1,89.0,0.0,0,delivered
50537,10135,1009,2026-03-24,web,1,69.0,0.0,0,delivered
50538,10135,1009,2026-08-06,store,1,69.0,0.0,0,shipped
50539,10135,1003,2026-03-03,store,1,59.0,0.0,0,cancelled
50540,10136,1002,2026-06-01,web,1,149.0,0.0,0,delivered
50541,10136,1013,2026-07-31,store,1,34.0,0.0,0,delivered
50542,10136,1011,2025-10-04,web,1,24.0,5.0,0,delivered
50543,10136,1004,2026-07-11,web,1,79.0,0.0,0,delivered
50544,10137,1013,2026-04-13,store,1,34.0,0.0,0,delivered
50545,10138,1012,2025-07-31,web,1,15.0,0.0,1,returned
50546,10139,1008,2025-03-31,web,1,39.0,0.0,0,delivered
50547,10140,1001,2026-06-10,store,1,89.0,5.0,0,delivered
50548,10140,1011,2025-10-18,web,1,24.0,0.0,0,delivered
50549,10140,1002,2026-05-04,android,1,149.0,0.0,0,delivered
50550,10141,1002,2026-06-25,ios,1,149.0,0.0,0,delivered
50551,10142,1015,2025-07-08,web,2,49.0,0.0,0,delivered
50552,10142,1005,2025-04-16,android,1,129.0,0.0,0,shipped
50553,10142,1009,2025-11-15,web,1,69.0,0.0,0,cancelled
50554,10143,1012,2026-07-13,android,1,15.0,0.0,0,delivered
50555,10143,1009,2026-03-17,web,1,69.0,10.0,0,shipped
50556,10143,1011,2026-08-13,ios,1,24.0,10.0,0,delivered
50557,10143,1002,2026-04-22,ios,1,149.0,10.0,0,delivered
50558,10143,1001,2026-08-07,store,1,89.0,10.0,0,delivered
50559,10143,1012,2026-02-21,web,1,15.0,0.0,0,delivered
50560,10144,1010,2026-08-12,android,1,29.0,0.0,0,delivered
50561,10145,1013,2026-06-09,store,1,34.0,0.0,0,delivered
50562,10145,1003,2026-08-05,ios,1,59.0,0.0,0,delivered
50563,10145,1015,2026-03-24,web,1,49.0,0.0,0,delivered
50564,10145,1003,2025-10-08,web,1,59.0,15.0,0,delivered
50565,10145,1006,2025-12-14,web,1,199.0,0.0,1,returned
50566,10146,1002,2026-04-09,web,1,149.0,15.0,0,shipped
50567,10146,1014,2025-11-25,android,1,89.0,0.0,1,returned
50568,10146,1006,2025-12-11,ios,1,199.0,0.0,0,delivered
50569,10146,1014,2026-05-25,web,1,89.0,0.0,1,returned
50570,10146,1003,2025-10-29,android,2,59.0,0.0,0,delivered
50571,10146,1009,2025-12-15,ios,1,69.0,0.0,0,delivered
50572,10146,1010,2026-01-20,web,1,29.0,0.0,0,cancelled
50573,10147,1005,2026-06-27,web,1,129.0,0.0,1,returned
50574,10148,1002,2025-09-03,ios,2,149.0,0.0,0,delivered
50575,10148,1014,2025-08-10,ios,3,89.0,0.0,0,delivered
50576,10148,1013,2025-09-03,android,1,34.0,0.0,0,delivered
50577,10149,1005,2025-10-24,ios,1,129.0,0.0,0,delivered
50578,10149,1008,2026-08-20,store,1,39.0,0.0,0,delivered
50579,10149,1007,2026-08-06,web,1,119.0,0.0,0,delivered
50580,10149,1014,2025-12-17,ios,1,89.0,0.0,0,cancelled
50581,10149,1012,2025-10-10,ios,1,15.0,0.0,0,delivered
50582,10149,1007,2026-01-26,web,1,119.0,0.0,0,delivered
50583,10149,1007,2026-08-17,ios,1,119.0,5.0,0,delivered
50584,10150,1003,2026-05-02,web,1,59.0,5.0,0,shipped
50585,10150,1012,2025-11-11,web,1,15.0,0.0,0,delivered
50586,10150,1014,2026-02-04,web,1,89.0,0.0,0,delivered
50587,10150,1007,2026-08-07,store,1,119.0,0.0,0,delivered
50588,10150,1007,2026-06-06,web,1,119.0,0.0,0,delivered
50589,10150,1008,2026-02-17,ios,1,39.0,15.0,0,delivered
50590,10150,1010,2026-04-05,web,3,29.0,0.0,0,delivered
50591,10151,1009,2025-10-28,web,1,69.0,0.0,0,delivered
50592,10152,1004,2026-02-11,store,3,79.0,10.0,0,delivered
50593,10153,1014,2025-07-26,web,1,89.0,0.0,0,delivered
50594,10153,1015,2026-06-27,web,1,49.0,0.0,0,delivered
50595,10153,1008,2025-06-03,web,1,39.0,0.0,0,cancelled
50596,10153,1002,2026-04-05,ios,1,149.0,0.0,0,shipped
50597,10153,1002,2026-07-30,web,1,149.0,0.0,0,delivered
50598,10154,1007,2026-07-02,web,1,119.0,0.0,0,delivered
50599,10154,1012,2025-12-26,web,1,15.0,0.0,0,shipped
50600,10154,1012,2025-10-05,ios,1,15.0,5.0,0,delivered
50601,10154,1008,2025-11-29,store,1,39.0,0.0,0,shipped
50602,10154,1009,2026-03-18,android,1,69.0,0.0,0,delivered
50603,10155,1004,2026-01-16,ios,1,79.0,0.0,0,delivered
50604,10155,1004,2026-02-03,ios,1,79.0,0.0,0,delivered
50605,10155,1005,2025-11-09,ios,1,129.0,0.0,0,delivered
50606,10155,1015,2026-01-19,ios,1,49.0,0.0,1,returned
50607,10156,1005,2025-06-04,web,1,129.0,0.0,0,delivered
50608,10156,1002,2025-06-04,store,1,149.0,0.0,0,delivered
50609,10156,1010,2026-08-10,ios,1,29.0,0.0,0,delivered
50610,10156,1004,2025-12-24,ios,1,79.0,0.0,0,shipped
50611,10157,1007,2026-07-31,web,1,119.0,0.0,1,returned
50612,10157,1014,2025-03-30,store,1,89.0,5.0,0,delivered
50613,10158,1007,2026-04-09,ios,1,119.0,0.0,0,delivered
50614,10159,1015,2026-04-13,web,1,49.0,0.0,0,delivered
50615,10160,1009,2026-02-12,store,1,69.0,5.0,0,delivered
50616,10160,1006,2025-03-30,web,1,199.0,10.0,0,delivered
50617,10160,1001,2026-01-08,web,1,89.0,5.0,0,delivered
50618,10160,1007,2025-08-31,web,1,119.0,0.0,0,delivered
50619,10160,1013,2026-07-19,web,1,34.0,0.0,0,delivered
50620,10161,1009,2026-03-04,web,1,69.0,0.0,0,delivered
50621,10161,1014,2025-12-31,web,1,89.0,10.0,0,shipped
50622,10161,1001,2026-04-30,ios,1,89.0,10.0,0,delivered
50623,10161,1015,2026-05-20,web,1,49.0,0.0,1,returned
50624,10161,1009,2025-11-11,android,1,69.0,0.0,0,shipped
50625,10162,1007,2026-06-09,android,1,119.0,0.0,0,delivered
50626,10162,1012,2026-03-24,ios,1,15.0,0.0,0,shipped
50627,10162,1003,2026-05-04,android,1,59.0,5.0,0,cancelled
50628,10162,1011,2026-06-15,web,1,24.0,0.0,0,delivered
50629,10162,1006,2026-01-05,ios,1,199.0,0.0,0,delivered
50630,10162,1003,2026-06-14,store,1,59.0,0.0,0,delivered
50631,10163,1004,2026-07-02,web,1,79.0,0.0,0,delivered
50632,10163,1015,2026-03-14,web,3,49.0,0.0,0,delivered
50633,10163,1002,2026-03-12,ios,1,149.0,0.0,0,delivered
50634,10163,1005,2026-03-15,store,1,129.0,0.0,0,delivered
50635,10163,1013,2026-07-11,web,1,34.0,5.0,0,shipped
50636,10163,1003,2026-07-17,ios,1,59.0,0.0,0,cancelled
50637,10163,1015,2026-04-25,web,1,49.0,0.0,0,delivered
50638,10164,1009,2026-04-19,ios,1,69.0,15.0,0,delivered
50639,10164,1014,2025-02-21,store,1,89.0,0.0,1,returned
50640,10164,1012,2025-09-05,android,1,150.0,0.0,0,delivered
50641,10164,1015,2025-08-28,ios,1,49.0,0.0,0,delivered
50642,10164,1009,2025-11-21,android,3,69.0,0.0,0,cancelled
50643,10164,1003,2026-07-10,web,1,59.0,0.0,1,returned
50644,10164,1012,2026-07-28,android,1,15.0,0.0,1,returned
50645,10164,1006,2025-09-06,store,1,199.0,0.0,0,delivered
50646,10165,1002,2026-02-02,web,1,149.0,0.0,0,delivered
50647,10165,1001,2026-03-30,web,1,89.0,0.0,0,delivered
50648,10165,1009,2026-08-04,store,1,69.0,0.0,0,delivered
50649,10165,1007,2026-07-09,android,1,119.0,0.0,0,delivered
50650,10166,1010,2025-10-22,store,1,29.0,0.0,0,delivered
50651,10166,1006,2025-11-30,android,1,199.0,5.0,0,delivered
50652,10166,1004,2026-05-24,web,1,79.0,0.0,0,delivered
50653,10166,1005,2026-01-22,web,1,129.0,10.0,0,delivered
50654,10166,1006,2026-08-11,android,1,199.0,5.0,0,cancelled
50655,10167,1015,2025-11-16,android,1,49.0,0.0,1,returned
50656,10167,1001,2025-05-27,android,1,89.0,0.0,0,delivered
50657,10167,1006,2025-08-19,web,1,199.0,0.0,0,delivered
50658,10167,1015,2025-05-01,web,1,49.0,0.0,0,delivered
50659,10167,1006,2025-10-05,android,1,199.0,0.0,1,returned
50660,10168,1003,2025-09-12,android,1,59.0,5.0,1,returned
50661,10169,1007,2026-06-04,web,1,119.0,0.0,0,delivered
50662,10169,1012,2026-06-24,android,1,15.0,0.0,0,shipped
50663,10169,1011,2025-09-30,ios,1,24.0,0.0,0,delivered
50664,10169,1014,2026-01-15,web,1,89.0,0.0,0,delivered
50665,10169,1012,2025-07-13,android,1,15.0,0.0,0,delivered
50666,10169,1007,2026-04-26,web,1,119.0,0.0,0,delivered
50667,10170,1004,2025-11-19,web,1,79.0,0.0,0,delivered
50668,10170,1006,2025-11-07,web,1,199.0,10.0,0,delivered
50669,10170,1008,2025-09-20,web,1,39.0,10.0,0,delivered
50670,10170,1012,2025-09-09,web,1,15.0,0.0,0,shipped
50671,10170,1010,2025-09-29,store,1,29.0,0.0,0,delivered
50672,10171,1004,2026-03-12,android,1,79.0,0.0,0,shipped
50673,10171,1013,2026-08-02,android,2,34.0,0.0,0,delivered
50674,10172,1009,2026-07-14,web,3,69.0,0.0,0,delivered
50675,10172,1007,2026-03-29,ios,3,119.0,5.0,0,shipped
50676,10172,1013,2026-01-22,web,1,34.0,0.0,0,delivered
50677,10172,1010,2026-06-15,web,2,29.0,0.0,0,shipped
50678,10172,1006,2026-02-28,store,1,199.0,10.0,0,delivered
50679,10172,1003,2026-01-27,web,1,59.0,5.0,0,shipped
50680,10173,1005,2026-01-23,android,3,129.0,0.0,0,delivered
50681,10173,1012,2026-05-25,android,1,15.0,0.0,0,delivered
50682,10173,1006,2026-03-12,web,1,199.0,0.0,0,delivered
50683,10173,1006,2026-04-23,web,1,199.0,10.0,0,delivered
50684,10173,1009,2026-08-13,ios,1,69.0,0.0,0,delivered
50685,10173,1004,2026-01-22,android,1,79.0,0.0,0,delivered
50686,10174,1014,2026-07-23,android,1,89.0,0.0,0,delivered
50687,10174,1009,2026-07-14,ios,1,69.0,10.0,0,shipped
50688,10174,1004,2026-08-06,android,1,79.0,0.0,0,delivered
50689,10174,1004,2025-09-26,store,1,79.0,5.0,1,returned
50690,10174,1005,2025-09-26,ios,1,129.0,0.0,0,delivered
50691,10174,1014,2026-04-10,ios,1,89.0,0.0,0,cancelled
50692,10175,1015,2025-09-22,web,1,49.0,5.0,0,delivered
50693,10175,1015,2025-08-23,web,1,49.0,0.0,1,returned
50694,10175,1001,2025-08-10,web,2,89.0,0.0,0,delivered
50695,10176,1011,2025-08-12,ios,1,24.0,5.0,0,shipped
50696,10176,1002,2026-04-28,store,1,149.0,0.0,0,delivered
50697,10176,1005,2025-11-19,ios,1,129.0,0.0,0,delivered
50698,10176,1006,2026-01-21,web,1,199.0,0.0,0,shipped
50699,10177,1004,2026-01-27,ios,1,79.0,0.0,0,shipped
50700,10177,1015,2026-07-02,ios,1,49.0,5.0,0,delivered
50701,10177,1004,2026-07-24,store,1,79.0,0.0,0,delivered
50702,10177,1004,2026-07-15,web,1,79.0,0.0,0,delivered
50703,10177,1013,2026-01-23,web,1,34.0,0.0,0,shipped
50704,10178,1008,2026-05-27,web,1,39.0,10.0,0,delivered
50705,10178,1002,2026-07-11,android,2,149.0,0.0,1,returned
50706,10178,1008,2026-04-05,web,1,39.0,0.0,0,delivered
50707,10178,1005,2026-04-06,ios,1,129.0,0.0,0,delivered
50708,10179,1001,2025-03-13,store,1,89.0,0.0,0,delivered
50709,10179,1007,2025-12-24,android,1,119.0,0.0,0,delivered
50710,10179,1014,2026-02-09,web,1,89.0,0.0,0,delivered
50711,10179,1006,2025-04-26,android,1,199.0,0.0,0,delivered
50712,10179,1006,2025-10-31,web,1,199.0,0.0,0,delivered
50713,10180,1014,2025-12-17,web,1,89.0,0.0,1,returned
50714,10181,1006,2026-02-26,web,1,199.0,0.0,1,returned
50715,10181,1006,2025-12-14,web,1,199.0,0.0,0,delivered
50716,10181,1004,2025-11-21,web,1,79.0,0.0,1,returned
50717,10181,1015,2026-06-24,web,1,49.0,0.0,0,delivered
50718,10181,1011,2026-07-03,android,1,24.0,0.0,0,delivered
50719,10181,1005,2025-12-31,web,1,129.0,0.0,0,delivered
50720,10182,1004,2026-08-14,web,1,79.0,0.0,0,delivered
50721,10182,1010,2026-03-26,ios,1,29.0,5.0,0,delivered
50722,10182,1010,2026-03-07,web,1,29.0,0.0,0,delivered
50723,10182,1012,2025-08-13,web,1,15.0,0.0,0,delivered
50724,10182,1002,2026-01-13,ios,1,149.0,0.0,0,delivered
50725,10182,1006,2026-03-13,store,1,199.0,0.0,0,delivered
50726,10182,1007,2025-05-21,ios,1,119.0,10.0,0,delivered
50727,10183,1006,2026-05-22,ios,1,199.0,0.0,1,returned
50728,10183,1002,2026-06-11,web,1,149.0,5.0,0,delivered
50729,10183,1004,2026-07-02,web,1,79.0,0.0,0,shipped
50730,10183,1012,2025-12-14,web,1,15.0,0.0,0,delivered
50731,10183,1013,2026-07-26,web,1,34.0,0.0,0,delivered
50732,10183,1002,2026-02-02,web,1,149.0,5.0,0,shipped
50733,10183,1003,2026-06-22,ios,1,59.0,0.0,0,delivered
50734,10184,1011,2026-03-31,android,1,24.0,0.0,0,delivered
50735,10184,1015,2026-01-07,web,3,49.0,0.0,0,delivered
50736,10184,1006,2026-03-07,ios,1,199.0,5.0,0,shipped
50737,10184,1014,2026-07-05,android,1,89.0,0.0,0,cancelled
50738,10184,1012,2026-05-28,web,1,15.0,0.0,0,delivered
50739,10184,1011,2025-07-21,web,2,24.0,0.0,0,delivered
50740,10184,1001,2026-07-04,web,1,89.0,15.0,0,delivered
50741,10185,1011,2025-08-06,web,1,24.0,0.0,0,delivered
50742,10186,1009,2025-10-21,ios,1,69.0,0.0,0,delivered
50743,10187,1005,2025-10-28,web,1,129.0,15.0,0,shipped
50744,10188,1014,2025-08-18,web,1,89.0,0.0,0,delivered
50745,10188,1008,2026-03-21,web,1,39.0,0.0,0,delivered
50746,10188,1015,2026-01-09,web,1,49.0,0.0,0,delivered
50747,10188,1015,2026-05-13,android,1,49.0,0.0,0,delivered
50748,10188,1009,2026-05-01,web,1,69.0,0.0,0,delivered
50749,10188,1012,2025-07-11,ios,1,15.0,0.0,0,delivered
50750,10189,1012,2026-06-18,web,3,15.0,10.0,0,delivered
50751,10189,1003,2026-03-14,web,1,59.0,5.0,0,delivered
50752,10189,1010,2026-06-16,ios,1,29.0,0.0,1,returned
50753,10189,1004,2026-01-11,android,1,79.0,0.0,0,delivered
50754,10190,1012,2026-07-01,web,1,15.0,0.0,0,delivered
50755,10190,1012,2026-02-01,ios,1,15.0,15.0,0,delivered
50756,10190,1005,2026-02-12,ios,1,129.0,0.0,0,delivered
50757,10190,1007,2026-05-02,android,1,119.0,0.0,0,delivered
50758,10190,1008,2026-08-03,store,1,39.0,0.0,0,delivered
50759,10190,1013,2026-03-31,web,1,34.0,0.0,0,shipped
50760,10191,1010,2025-07-06,web,1,29.0,0.0,0,delivered
50761,10191,1003,2025-10-14,store,1,59.0,5.0,0,delivered
50762,10191,1005,2026-08-10,android,1,129.0,0.0,0,delivered
50763,10191,1007,2025-11-05,android,1,119.0,0.0,0,delivered
50764,10191,1005,2025-07-23,web,1,129.0,5.0,0,delivered
50765,10192,1013,2025-11-18,web,1,34.0,0.0,0,delivered
50766,10192,1013,2025-12-02,web,1,34.0,0.0,0,delivered
50767,10192,1005,2026-03-11,web,1,129.0,0.0,0,delivered
50768,10192,1014,2026-02-02,web,1,89.0,0.0,0,cancelled
50769,10192,1003,2026-01-10,web,1,59.0,5.0,0,delivered
50770,10192,1003,2025-11-24,web,1,59.0,0.0,0,delivered
50771,10192,1008,2026-05-22,web,1,39.0,0.0,0,delivered
50772,10193,1011,2025-07-20,web,1,24.0,5.0,0,delivered
50773,10193,1002,2025-07-24,web,1,149.0,0.0,0,delivered
50774,10193,1013,2026-05-22,web,1,34.0,5.0,0,delivered
50775,10193,1013,2026-03-01,ios,1,34.0,0.0,0,delivered
50776,10193,1011,2025-03-05,ios,1,24.0,0.0,0,delivered
50777,10193,1006,2026-06-28,android,3,199.0,0.0,0,delivered
50778,10194,1002,2025-05-14,store,1,149.0,0.0,1,returned
50779,10194,1004,2026-05-19,android,1,79.0,5.0,0,delivered
50780,10194,1012,2026-03-16,android,1,15.0,5.0,0,delivered
50781,10194,1014,2025-05-10,ios,1,89.0,0.0,0,delivered
50782,10194,1001,2026-01-09,ios,1,89.0,5.0,0,delivered
50783,10195,1014,2026-07-04,store,1,89.0,5.0,0,shipped
50784,10195,1006,2026-02-17,web,1,199.0,0.0,0,delivered
50785,10196,1012,2026-03-23,android,1,15.0,0.0,0,delivered
50786,10196,1003,2025-10-15,store,1,59.0,0.0,0,cancelled
50787,10196,1011,2026-03-19,android,1,24.0,0.0,0,delivered
50788,10196,1004,2026-04-29,web,1,79.0,10.0,0,delivered
50789,10196,1012,2025-07-26,web,1,15.0,0.0,0,delivered
50790,10197,1010,2025-10-12,store,1,29.0,0.0,0,delivered
50791,10197,1009,2025-08-29,web,1,69.0,0.0,0,delivered
50792,10197,1006,2025-11-21,web,1,199.0,0.0,0,delivered
50793,10197,1006,2026-04-20,web,1,199.0,10.0,0,delivered
50794,10198,1015,2025-11-25,android,1,49.0,0.0,0,shipped
50795,10198,1008,2026-06-18,ios,1,39.0,5.0,0,delivered
50796,10198,1013,2026-04-07,ios,1,34.0,0.0,0,shipped
50797,10199,1015,2025-06-14,ios,1,49.0,0.0,0,delivered
50798,10199,1006,2025-11-08,store,1,199.0,0.0,0,delivered
50799,10199,1008,2025-09-19,ios,1,39.0,0.0,0,delivered
50800,10199,1008,2026-01-26,ios,1,39.0,0.0,0,delivered
50801,10199,1010,2025-09-08,ios,3,29.0,0.0,0,shipped
50802,10199,1012,2025-12-05,android,1,15.0,0.0,0,delivered
50803,10199,1001,2026-01-19,web,3,89.0,0.0,0,delivered
50804,10200,1014,2026-07-16,android,1,89.0,0.0,0,delivered
50805,10201,1009,2026-05-19,android,1,69.0,0.0,0,delivered
50806,10201,1007,2026-05-29,web,1,119.0,0.0,0,shipped
50807,10202,1005,2025-07-22,android,1,129.0,0.0,0,delivered
50808,10202,1005,2025-11-27,android,1,129.0,0.0,0,cancelled
50809,10202,1015,2026-02-05,ios,1,49.0,0.0,0,delivered
50810,10202,1012,2026-02-04,web,1,15.0,10.0,0,shipped
50811,10202,1005,2025-07-25,store,1,129.0,0.0,0,delivered
50812,10202,1005,2025-03-12,web,1,129.0,0.0,0,delivered
50813,10203,1013,2025-07-05,store,1,34.0,0.0,1,returned
50814,10204,1004,2025-04-23,ios,1,79.0,5.0,0,delivered
50815,10205,1003,2025-12-01,ios,3,59.0,0.0,0,delivered
50816,10206,1008,2025-03-20,ios,1,39.0,15.0,0,delivered
50817,10207,1010,2026-02-13,ios,1,29.0,0.0,0,delivered
50818,10207,1002,2026-04-09,web,1,149.0,0.0,0,delivered
50819,10208,1012,2025-11-14,web,3,15.0,0.0,0,delivered
50820,10208,1014,2026-06-08,store,1,89.0,0.0,0,delivered
50821,10209,1006,2026-05-17,ios,1,199.0,0.0,0,delivered
50822,10210,1002,2026-07-26,ios,1,149.0,0.0,0,delivered
50823,10210,1015,2026-02-16,android,1,49.0,10.0,1,returned
50824,10210,1008,2026-06-15,store,1,39.0,0.0,0,delivered
50825,10211,1010,2026-01-21,web,1,29.0,5.0,0,delivered
50826,10211,1011,2026-04-09,web,1,24.0,0.0,0,cancelled
50827,10211,1001,2026-06-11,ios,2,89.0,0.0,0,delivered
50828,10211,1003,2026-07-17,web,1,59.0,0.0,0,delivered
50829,10212,1008,2026-07-11,android,1,39.0,0.0,0,delivered
50830,10212,1001,2026-01-16,ios,1,89.0,0.0,0,delivered
50831,10213,1011,2025-12-16,android,3,24.0,10.0,0,delivered
50832,10213,1004,2026-06-29,android,1,79.0,0.0,0,delivered
50833,10213,1002,2026-04-05,web,3,149.0,0.0,0,delivered
50834,10214,1007,2026-02-19,store,1,119.0,0.0,0,delivered
50835,10214,1007,2026-06-12,ios,1,119.0,0.0,0,delivered
50836,10214,1014,2025-12-04,ios,1,89.0,0.0,1,returned
50837,10214,1007,2025-11-22,ios,1,119.0,0.0,1,returned
50838,10214,1006,2025-11-30,web,1,199.0,0.0,0,delivered
50839,10215,1014,2025-03-15,ios,1,89.0,0.0,0,cancelled
50840,10215,1013,2025-08-25,ios,1,34.0,0.0,1,returned
50841,10215,1010,2025-09-07,store,1,29.0,0.0,0,delivered
50842,10215,1014,2026-04-14,ios,1,89.0,0.0,0,delivered
50843,10216,1015,2026-05-12,ios,1,49.0,0.0,0,delivered
50844,10216,1011,2026-08-11,android,2,24.0,0.0,0,delivered
50845,10216,1010,2026-04-07,web,1,29.0,0.0,0,delivered
50846,10216,1008,2026-05-08,android,1,39.0,0.0,0,delivered
50847,10216,1001,2026-02-28,store,3,89.0,0.0,0,cancelled
50848,10216,1002,2026-03-04,android,1,149.0,5.0,0,delivered
50849,10216,1002,2026-05-24,web,1,149.0,0.0,0,delivered
50850,10217,1003,2025-10-14,web,1,59.0,0.0,0,delivered
50851,10217,1011,2026-07-25,ios,1,240.0,0.0,0,delivered
50852,10218,1009,2025-07-24,ios,1,69.0,0.0,0,delivered
50853,10218,1005,2026-05-25,ios,1,129.0,0.0,0,delivered
50854,10218,1014,2025-10-19,android,1,89.0,0.0,0,delivered
50855,10218,1003,2026-06-19,android,1,59.0,0.0,0,delivered
50856,10218,1011,2026-06-19,web,1,24.0,0.0,0,delivered
50857,10219,1008,2025-09-02,android,1,39.0,0.0,0,delivered
50858,10219,1007,2026-01-13,android,1,119.0,0.0,0,delivered
50859,10219,1005,2026-01-31,web,1,129.0,15.0,0,delivered
50860,10219,1015,2025-12-19,ios,2,49.0,10.0,0,delivered
50861,10219,1002,2026-01-08,android,1,149.0,5.0,0,delivered
50862,10219,1003,2026-01-01,web,2,59.0,0.0,0,delivered
50863,10220,1010,2025-12-18,android,2,29.0,0.0,0,delivered
50864,10220,1014,2026-06-27,web,1,89.0,0.0,0,delivered
50865,10220,1015,2026-04-05,web,1,49.0,0.0,1,returned
50866,10221,1014,2026-01-06,web,1,89.0,0.0,0,delivered
50867,10221,1006,2026-03-16,ios,1,199.0,0.0,0,delivered
50868,10222,1012,2025-12-01,web,2,15.0,0.0,0,delivered
50869,10222,1015,2025-11-17,web,3,49.0,0.0,0,delivered
50870,10223,1014,2026-05-07,store,1,89.0,0.0,0,delivered
50871,10223,1008,2026-03-26,android,1,39.0,5.0,0,delivered
50872,10224,1009,2026-06-23,store,1,69.0,0.0,0,delivered
50873,10224,1008,2026-04-30,ios,1,39.0,10.0,0,delivered
50874,10225,1008,2026-01-31,store,1,39.0,0.0,0,delivered
50875,10226,1008,2026-08-08,web,1,39.0,0.0,0,delivered
50876,10226,1005,2026-06-25,android,1,129.0,0.0,0,delivered
50877,10226,1002,2026-02-28,ios,1,149.0,0.0,0,delivered
50878,10227,1007,2026-06-29,ios,1,119.0,10.0,0,delivered
50879,10227,1013,2026-08-08,android,1,34.0,0.0,0,shipped
50880,10227,1011,2026-03-07,android,1,24.0,0.0,0,delivered
50881,10227,1011,2025-06-21,ios,1,24.0,0.0,0,delivered
50882,10228,1012,2025-05-19,web,1,15.0,0.0,0,delivered
50883,10228,1014,2026-06-02,web,1,89.0,0.0,1,returned
50884,10228,1012,2026-07-06,ios,1,15.0,0.0,0,delivered
50885,10229,1006,2025-11-29,android,1,199.0,0.0,0,delivered
50886,10229,1013,2026-02-15,web,1,34.0,5.0,0,delivered
50887,10229,1003,2026-06-08,ios,1,59.0,0.0,0,delivered
50888,10230,1006,2025-08-29,ios,1,199.0,0.0,0,delivered
50889,10230,1012,2026-06-12,android,1,15.0,0.0,0,delivered
50890,10230,1006,2026-01-31,web,1,199.0,0.0,0,delivered
50891,10230,1003,2025-11-04,web,1,59.0,10.0,0,cancelled
50892,10231,1014,2026-05-01,ios,2,89.0,0.0,0,shipped
50893,10231,1003,2026-01-04,web,1,59.0,0.0,0,delivered
50894,10231,1009,2025-11-08,web,1,69.0,0.0,0,delivered
50895,10231,1009,2025-11-10,web,1,69.0,0.0,0,delivered
50896,10232,1006,2026-02-11,web,1,199.0,0.0,0,delivered
50897,10232,1012,2026-04-29,web,1,15.0,0.0,0,cancelled
50898,10232,1014,2026-04-17,store,1,89.0,0.0,0,cancelled
50899,10233,1008,2026-08-18,web,1,39.0,0.0,0,delivered
50900,10234,1006,2026-03-11,web,1,199.0,0.0,0,delivered
50901,10234,1001,2026-03-07,web,1,89.0,5.0,0,delivered
50902,10235,1007,2026-04-18,store,1,119.0,10.0,0,delivered
50903,10235,1013,2026-07-18,ios,1,34.0,5.0,0,shipped
50904,10235,1002,2026-05-22,web,1,149.0,0.0,0,delivered
50905,10236,1012,2026-08-12,android,1,15.0,0.0,0,delivered
50906,10237,1012,2026-06-17,android,1,15.0,0.0,0,shipped
50907,10238,1014,2026-05-19,ios,1,89.0,5.0,0,cancelled
50908,10238,1013,2026-06-10,android,1,34.0,0.0,1,returned
50909,10238,1004,2026-01-21,ios,1,79.0,5.0,0,delivered
50910,10239,1006,2025-08-29,web,1,199.0,5.0,0,delivered
50911,10240,1005,2025-05-01,web,1,129.0,0.0,0,delivered
50912,10240,1005,2025-06-21,web,1,129.0,5.0,0,delivered
50913,10241,1009,2026-04-23,ios,1,69.0,10.0,0,delivered
50914,10242,1005,2026-02-15,web,1,129.0,10.0,0,delivered
50915,10242,1005,2026-04-02,android,1,129.0,0.0,0,delivered
50916,10242,1004,2026-07-31,web,1,79.0,15.0,0,delivered
50917,10242,1003,2026-08-22,web,1,59.0,0.0,0,cancelled
50918,10242,1012,2026-01-26,android,1,15.0,0.0,0,delivered
50919,10242,1011,2026-05-31,ios,1,24.0,0.0,0,cancelled
50920,10242,1008,2026-04-10,store,1,39.0,0.0,0,delivered
50921,10242,1004,2026-06-18,web,1,79.0,0.0,0,delivered
50922,10242,1011,2026-04-07,ios,1,24.0,0.0,0,delivered
50923,10243,1003,2026-01-16,web,2,59.0,0.0,0,delivered
50924,10244,1004,2026-06-20,web,1,79.0,10.0,0,delivered
50925,10244,1005,2025-07-22,store,1,129.0,0.0,0,shipped
50926,10244,1012,2025-09-27,android,1,15.0,0.0,0,delivered
50927,10244,1006,2026-06-27,web,1,199.0,0.0,0,delivered
50928,10244,1003,2025-09-24,ios,1,59.0,0.0,0,delivered
50929,10245,1003,2025-07-16,android,1,59.0,0.0,0,delivered
50930,10246,1007,2025-07-20,web,3,119.0,0.0,0,delivered
50931,10246,1001,2025-05-24,store,1,89.0,5.0,0,delivered
50932,10246,1013,2026-07-19,store,1,34.0,0.0,0,delivered
50933,10246,1013,2025-08-21,android,1,34.0,10.0,0,delivered
50934,10246,1010,2025-08-17,web,1,29.0,0.0,0,shipped
50935,10247,1001,2025-04-08,android,1,89.0,0.0,0,delivered
50936,10247,1013,2025-09-01,ios,2,34.0,0.0,0,delivered
50937,10247,1002,2026-06-04,android,1,149.0,0.0,0,delivered
50938,10247,1014,2026-05-07,web,2,89.0,0.0,1,returned
50939,10247,1008,2025-06-16,web,2,39.0,0.0,0,shipped
50940,10248,1006,2025-06-05,web,1,199.0,0.0,0,delivered
50941,10248,1010,2025-06-05,web,1,29.0,5.0,0,delivered
50942,10248,1001,2025-05-25,android,1,89.0,0.0,0,delivered
50943,10248,1013,2025-06-09,web,1,34.0,0.0,0,delivered
50944,10249,1004,2026-07-28,web,1,79.0,10.0,0,delivered
50945,10249,1006,2026-01-20,ios,1,199.0,0.0,0,delivered
50946,10250,1006,2026-05-16,store,1,199.0,15.0,1,returned
50947,10250,1006,2025-12-12,web,1,199.0,0.0,0,delivered
50948,10250,1009,2026-06-02,web,1,69.0,0.0,0,delivered
50949,10251,1010,2026-04-21,store,1,29.0,0.0,0,delivered
50950,10251,1005,2026-01-04,android,1,129.0,0.0,0,delivered
50951,10251,1010,2026-02-08,android,1,29.0,10.0,0,delivered
50952,10251,1002,2025-11-16,android,1,149.0,0.0,0,delivered
50953,10251,1013,2026-07-03,android,1,34.0,0.0,0,delivered
50954,10251,1015,2025-12-22,store,1,49.0,0.0,0,shipped
50955,10252,1003,2026-04-21,android,1,59.0,0.0,0,delivered
50956,10252,1003,2026-04-05,web,1,59.0,0.0,0,delivered
50957,10252,1010,2025-10-07,web,1,29.0,0.0,0,delivered
50958,10252,1015,2026-04-08,web,1,49.0,0.0,1,returned
50959,10252,1012,2025-11-09,android,1,15.0,0.0,0,cancelled
50960,10252,1004,2026-03-26,web,1,79.0,0.0,0,delivered
50961,10252,1006,2025-09-30,web,1,199.0,0.0,0,delivered
50962,10253,1011,2025-05-13,web,1,24.0,0.0,0,delivered
50963,10253,1002,2025-05-28,android,2,149.0,0.0,0,delivered
50964,10253,1006,2025-06-12,ios,1,199.0,0.0,0,delivered
50965,10254,1002,2025-10-24,ios,1,149.0,0.0,0,delivered
50966,10254,1013,2026-02-10,web,1,34.0,0.0,0,delivered
50967,10254,1005,2026-02-20,store,1,129.0,0.0,0,delivered
50968,10254,1012,2026-03-17,ios,1,15.0,0.0,0,delivered
50969,10254,1002,2025-10-25,android,1,149.0,10.0,0,delivered
50970,10255,1004,2026-07-01,android,2,79.0,0.0,0,delivered
50971,10255,1013,2026-02-14,web,1,34.0,0.0,0,delivered
50972,10255,1005,2026-07-13,web,1,129.0,0.0,0,delivered
50973,10255,1008,2025-11-14,ios,1,39.0,0.0,0,delivered
50974,10255,1001,2026-05-25,android,1,89.0,15.0,1,returned
50975,10256,1006,2026-02-07,android,1,199.0,0.0,0,delivered
50976,10256,1006,2025-10-20,web,1,199.0,0.0,0,delivered
50977,10256,1010,2026-07-17,ios,1,29.0,0.0,0,delivered
50978,10256,1009,2025-10-27,ios,1,69.0,0.0,0,delivered
50979,10257,1008,2025-03-22,android,1,39.0,0.0,0,delivered
50980,10258,1011,2026-06-26,ios,1,24.0,0.0,0,cancelled
50981,10258,1006,2026-05-05,web,1,199.0,0.0,0,delivered
50982,10258,1011,2025-10-18,ios,1,24.0,0.0,1,returned
50983,10258,1013,2026-07-03,store,1,34.0,0.0,0,delivered
50984,10258,1012,2026-07-20,android,1,15.0,0.0,0,delivered
50985,10258,1010,2026-07-13,android,1,29.0,10.0,0,delivered
50986,10259,1014,2026-01-08,store,1,89.0,10.0,0,delivered
50987,10260,1014,2026-03-10,store,1,89.0,0.0,1,returned
50988,10260,1007,2025-06-19,android,1,119.0,0.0,1,returned
50989,10260,1003,2026-06-17,ios,1,59.0,0.0,0,delivered
50990,10260,1012,2025-10-22,store,1,15.0,15.0,0,delivered
50991,10261,1003,2026-05-12,web,1,59.0,0.0,0,delivered
50992,10261,1001,2026-05-05,ios,1,89.0,0.0,0,delivered
50993,10261,1008,2026-07-19,android,3,39.0,15.0,0,delivered
50994,10261,1013,2026-06-14,web,1,34.0,0.0,0,delivered
50995,10261,1015,2026-04-26,web,1,49.0,0.0,0,shipped
50996,10261,1012,2026-07-10,web,1,15.0,10.0,0,delivered
50997,10261,1007,2026-07-26,ios,1,119.0,0.0,0,delivered
50998,10262,1008,2025-08-29,store,1,39.0,0.0,1,returned
50999,10263,1010,2026-07-24,android,1,29.0,0.0,0,delivered
51000,10264,1011,2026-03-03,web,1,24.0,0.0,0,delivered
51001,10264,1002,2025-11-24,android,1,149.0,0.0,0,delivered
51002,10264,1013,2025-09-05,android,1,34.0,15.0,1,returned
51003,10264,1007,2026-03-27,web,1,119.0,0.0,0,delivered
51004,10264,1009,2025-12-03,ios,1,69.0,0.0,0,delivered
51005,10265,1014,2025-09-09,ios,1,89.0,0.0,0,delivered
51006,10266,1006,2026-02-20,web,3,199.0,0.0,0,delivered
51007,10266,1007,2026-08-01,android,1,119.0,0.0,0,delivered
51008,10266,1015,2025-08-23,web,1,49.0,0.0,1,returned
51009,10266,1014,2025-12-19,web,1,89.0,5.0,1,returned
51010,10266,1006,2025-09-18,ios,1,199.0,0.0,0,delivered
51011,10266,1001,2026-08-14,web,2,89.0,0.0,0,delivered
51012,10266,1009,2026-04-23,android,1,69.0,0.0,0,delivered
51013,10267,1015,2026-03-10,ios,1,49.0,0.0,0,delivered
51014,10267,1002,2026-05-12,android,1,149.0,0.0,0,cancelled
51015,10268,1009,2026-03-03,android,1,69.0,0.0,0,shipped
51016,10268,1007,2026-04-09,web,1,119.0,0.0,1,returned
51017,10268,1008,2026-02-22,web,1,39.0,0.0,0,delivered
51018,10268,1010,2026-07-23,android,1,29.0,0.0,0,delivered
51019,10269,1012,2026-04-22,android,1,15.0,5.0,0,delivered
51020,10269,1015,2025-06-28,web,1,49.0,0.0,1,returned
51021,10269,1005,2025-05-12,ios,1,129.0,0.0,0,delivered
51022,10269,1004,2025-08-30,ios,1,79.0,0.0,0,shipped
51023,10270,1014,2026-07-03,android,1,89.0,0.0,0,delivered
51024,10270,1007,2026-01-14,ios,1,119.0,0.0,0,delivered
51025,10270,1015,2025-12-26,ios,1,49.0,0.0,0,delivered
51026,10271,1013,2026-02-27,web,1,34.0,10.0,0,delivered
51027,10271,1011,2025-12-26,web,1,24.0,0.0,0,delivered
51028,10271,1014,2025-12-12,web,1,89.0,5.0,0,delivered
51029,10271,1009,2026-07-16,web,1,69.0,0.0,0,delivered
51030,10271,1013,2025-11-11,web,1,34.0,0.0,0,delivered
51031,10272,1005,2026-02-20,android,1,129.0,0.0,0,delivered
51032,10272,1008,2026-03-19,store,1,39.0,0.0,1,returned
51033,10272,1002,2026-03-13,web,1,149.0,0.0,0,cancelled
51034,10272,1011,2025-10-15,web,1,24.0,0.0,0,delivered
51035,10273,1012,2026-07-15,ios,1,15.0,0.0,0,delivered
51036,10273,1013,2025-11-10,web,1,34.0,0.0,0,delivered
51037,10274,1014,2026-04-18,store,1,89.0,0.0,1,returned
51038,10275,1002,2025-11-13,web,1,149.0,5.0,0,delivered
51039,10275,1003,2026-05-06,web,1,59.0,0.0,0,delivered
51040,10275,1003,2025-09-01,android,1,59.0,10.0,0,delivered
51041,10275,1012,2026-05-19,ios,1,15.0,0.0,0,delivered
51042,10275,1014,2026-03-29,ios,1,89.0,0.0,0,delivered
51043,10275,1014,2025-07-28,ios,2,89.0,0.0,1,returned
51044,10276,1001,2025-04-09,web,1,89.0,0.0,0,delivered
51045,10277,1013,2026-05-15,web,1,34.0,0.0,1,returned
51046,10277,1006,2026-05-12,web,1,199.0,0.0,0,delivered
51047,10277,1004,2026-02-19,android,1,79.0,0.0,0,delivered
51048,10277,1005,2026-07-08,web,1,129.0,0.0,0,delivered
51049,10277,1011,2026-08-11,ios,1,24.0,5.0,0,delivered
51050,10277,1013,2026-01-26,web,1,34.0,0.0,0,delivered
51051,10278,1012,2026-06-30,web,1,15.0,0.0,0,shipped
51052,10278,1011,2026-06-23,ios,1,24.0,0.0,0,delivered
51053,10278,1012,2025-10-04,android,1,15.0,0.0,0,delivered
51054,10278,1008,2025-09-21,android,1,39.0,0.0,0,delivered
51055,10278,1010,2025-11-08,ios,1,29.0,0.0,0,delivered
51056,10279,1013,2026-04-26,ios,1,34.0,0.0,0,delivered
51057,10279,1007,2025-09-03,web,1,119.0,5.0,0,delivered
51058,10279,1013,2026-02-19,web,1,34.0,10.0,0,delivered
51059,10279,1008,2025-09-04,web,1,39.0,0.0,0,delivered
51060,10280,1015,2025-05-20,store,1,49.0,0.0,1,returned
51061,10280,1008,2026-03-08,web,1,39.0,0.0,0,delivered
51062,10280,1015,2025-12-16,ios,1,490.0,0.0,0,delivered
51063,10281,1009,2025-01-26,web,1,69.0,10.0,0,delivered
51064,10282,1008,2025-11-14,ios,2,39.0,10.0,0,delivered
51065,10282,1014,2026-06-23,web,1,89.0,0.0,1,returned
51066,10282,1004,2026-06-02,store,1,79.0,0.0,0,cancelled
51067,10282,1010,2026-05-29,store,1,29.0,0.0,0,delivered
51068,10282,1005,2025-12-02,web,1,129.0,0.0,0,cancelled
51069,10282,1015,2026-02-25,web,1,49.0,0.0,0,delivered
51070,10282,1011,2025-09-18,web,1,24.0,0.0,0,shipped
51071,10283,1005,2025-08-09,ios,1,129.0,0.0,0,delivered
51072,10283,1001,2025-08-22,store,1,89.0,0.0,0,delivered
51073,10283,1009,2025-08-02,web,1,69.0,10.0,0,delivered
51074,10283,1008,2025-08-30,store,1,39.0,0.0,0,delivered
51075,10284,1010,2025-03-30,web,1,29.0,5.0,0,shipped
51076,10285,1002,2026-05-20,web,2,149.0,15.0,0,delivered
51077,10285,1013,2025-12-23,web,1,34.0,5.0,0,delivered
51078,10285,1005,2026-02-03,web,1,129.0,0.0,0,delivered
51079,10285,1007,2026-01-15,web,1,119.0,0.0,0,delivered
51080,10285,1015,2026-06-16,android,1,49.0,0.0,0,delivered
51081,10285,1011,2026-06-03,web,1,24.0,0.0,0,cancelled
51082,10286,1005,2025-08-01,web,1,129.0,0.0,0,delivered
51083,10286,1006,2025-05-22,store,1,199.0,0.0,1,returned
51084,10286,1015,2025-08-05,web,2,49.0,0.0,1,returned
51085,10286,1003,2025-05-27,ios,1,59.0,0.0,0,delivered
51086,10286,1004,2025-08-21,web,1,79.0,0.0,0,delivered
51087,10286,1003,2025-08-06,android,1,59.0,5.0,0,delivered
51088,10286,1003,2025-09-06,web,1,59.0,0.0,0,delivered
51089,10287,1008,2025-12-30,web,1,39.0,5.0,0,delivered
51090,10287,1011,2026-07-25,web,1,24.0,0.0,0,shipped
51091,10287,1011,2026-06-24,ios,1,24.0,0.0,0,delivered
51092,10287,1003,2026-05-04,web,1,59.0,0.0,0,delivered
51093,10288,1011,2025-11-16,android,1,24.0,0.0,0,delivered
51094,10289,1015,2025-12-18,web,1,49.0,0.0,0,delivered
51095,10289,1003,2025-07-24,web,1,59.0,0.0,0,delivered
51096,10289,1014,2025-12-20,web,3,89.0,15.0,0,delivered
51097,10289,1007,2025-06-04,store,1,119.0,0.0,1,returned
51098,10289,1005,2026-04-20,web,1,129.0,0.0,0,delivered
51099,10289,1007,2026-04-23,ios,1,119.0,10.0,0,delivered
51100,10289,1011,2025-07-22,android,1,24.0,0.0,0,delivered
51101,10290,1012,2026-05-19,ios,1,15.0,0.0,0,delivered
51102,10290,1008,2026-04-21,web,1,39.0,5.0,0,delivered
51103,10290,1011,2026-02-11,ios,1,24.0,5.0,0,delivered
51104,10290,1005,2026-03-11,store,1,129.0,0.0,0,delivered
51105,10291,1014,2025-07-05,web,1,89.0,10.0,1,returned
51106,10292,1015,2025-12-09,ios,1,49.0,0.0,0,delivered
51107,10292,1011,2026-03-30,web,1,24.0,0.0,0,delivered
51108,10292,1013,2026-05-15,store,1,34.0,0.0,0,shipped
51109,10292,1003,2026-04-16,store,1,59.0,0.0,0,delivered
51110,10293,1001,2026-06-11,ios,1,89.0,0.0,0,delivered
51111,10294,1010,2026-01-27,android,1,29.0,0.0,0,delivered
51112,10294,1014,2026-04-13,web,1,89.0,0.0,1,returned
51113,10295,1014,2026-04-08,web,1,89.0,0.0,0,delivered
51114,10295,1015,2025-11-08,web,1,49.0,0.0,0,delivered
51115,10295,1013,2026-01-19,store,2,34.0,0.0,0,delivered
51116,10295,1001,2025-07-11,web,1,89.0,0.0,0,delivered
51117,10295,1009,2026-01-09,web,1,69.0,10.0,0,delivered
51118,10295,1002,2026-05-02,android,2,149.0,5.0,0,delivered
51119,10296,1001,2026-08-01,web,1,89.0,0.0,0,delivered
51120,10296,1012,2025-11-13,web,2,15.0,5.0,0,delivered
51121,10296,1006,2026-03-29,ios,1,199.0,10.0,0,delivered
51122,10296,1013,2025-12-20,web,1,34.0,10.0,0,delivered
51123,10296,1002,2026-03-12,ios,1,149.0,0.0,0,delivered
51124,10296,1011,2025-09-23,web,2,24.0,5.0,0,delivered
51125,10296,1005,2025-10-21,web,1,129.0,0.0,0,delivered
51126,10297,1006,2026-04-08,ios,1,199.0,0.0,0,delivered
51127,10297,1004,2026-03-01,android,1,79.0,0.0,0,delivered
51128,10298,1007,2026-06-09,store,1,119.0,0.0,0,delivered
51129,10298,1011,2025-09-20,store,1,24.0,0.0,0,delivered
51130,10298,1008,2026-05-19,web,1,39.0,0.0,0,delivered
51131,10298,1011,2025-05-02,ios,1,24.0,0.0,0,delivered
51132,10298,1002,2026-03-05,android,1,149.0,0.0,1,returned
51133,10299,1015,2026-03-22,web,1,49.0,0.0,0,delivered
51134,10299,1001,2026-05-09,store,1,89.0,15.0,0,delivered
51135,10299,1007,2026-07-12,web,1,119.0,0.0,0,delivered
51136,10299,1002,2026-02-17,ios,1,149.0,0.0,1,returned
51137,10299,1014,2026-04-13,ios,1,89.0,0.0,0,delivered
51138,10300,1002,2026-07-21,web,1,149.0,0.0,0,delivered
51139,10301,1006,2026-01-31,web,1,199.0,15.0,0,delivered
51140,10301,1014,2025-12-24,ios,3,89.0,0.0,0,delivered
51141,10301,1004,2026-08-03,ios,1,79.0,0.0,0,delivered
51142,10302,1004,2026-06-23,web,1,79.0,0.0,0,delivered
51143,10303,1007,2025-09-06,web,1,119.0,0.0,0,shipped
51144,10303,1004,2026-03-04,ios,1,79.0,0.0,0,cancelled
51145,10303,1015,2026-06-27,web,1,49.0,0.0,1,returned
51146,10303,1008,2026-03-24,web,1,39.0,0.0,0,cancelled
51147,10303,1001,2025-10-03,web,1,89.0,0.0,0,delivered
51148,10304,1010,2026-04-20,web,1,29.0,0.0,0,delivered
51149,10304,1009,2026-05-07,ios,1,69.0,0.0,0,delivered
51150,10304,1013,2026-03-19,android,1,34.0,10.0,0,delivered
51151,10304,1010,2026-05-03,ios,1,29.0,0.0,0,delivered
51152,10304,1005,2026-06-06,web,1,129.0,0.0,0,delivered
51153,10304,1002,2026-01-27,android,1,149.0,0.0,0,delivered
51154,10305,1007,2026-01-23,store,1,119.0,0.0,0,delivered
51155,10305,1012,2025-03-24,web,1,15.0,0.0,0,delivered
51156,10305,1003,2025-07-08,web,1,59.0,0.0,0,delivered
51157,10306,1002,2025-09-11,ios,1,149.0,0.0,0,delivered
51158,10306,1002,2026-03-15,store,1,149.0,0.0,0,delivered
51159,10306,1001,2026-05-05,web,1,89.0,15.0,0,delivered
51160,10306,1001,2026-06-24,android,2,89.0,0.0,0,delivered
51161,10306,1012,2025-06-22,web,1,15.0,5.0,0,delivered
51162,10306,1014,2026-05-01,android,1,89.0,0.0,0,delivered
51163,10307,1004,2026-02-01,web,1,79.0,0.0,0,shipped
51164,10307,1011,2025-04-11,web,1,24.0,5.0,0,delivered
51165,10307,1006,2025-07-11,ios,1,199.0,0.0,0,delivered
51166,10307,1010,2025-11-04,web,1,29.0,5.0,0,delivered
51167,10307,1005,2026-01-16,web,1,129.0,0.0,0,delivered
51168,10308,1007,2026-05-29,web,1,119.0,0.0,0,delivered
51169,10309,1009,2026-08-15,store,1,69.0,0.0,0,delivered
51170,10309,1005,2026-07-02,web,1,129.0,0.0,0,delivered
51171,10309,1013,2026-08-14,web,3,34.0,0.0,0,delivered
51172,10309,1006,2026-08-16,ios,1,199.0,0.0,0,delivered
51173,10309,1015,2026-05-26,ios,1,49.0,5.0,0,delivered
51174,10309,1001,2026-04-06,web,1,89.0,0.0,0,shipped
51175,10309,1002,2026-01-28,android,1,149.0,5.0,0,delivered
51176,10310,1013,2026-02-23,web,1,34.0,0.0,0,delivered
51177,10311,1010,2026-07-31,android,1,29.0,0.0,0,delivered
51178,10311,1002,2026-05-07,web,1,149.0,0.0,0,delivered
51179,10311,1004,2026-06-16,web,1,79.0,5.0,0,delivered
51180,10311,1007,2026-05-12,ios,1,119.0,5.0,0,delivered
51181,10311,1008,2026-06-26,ios,1,39.0,0.0,0,delivered
51182,10311,1001,2026-01-23,android,1,89.0,0.0,1,returned
51183,10311,1013,2026-01-30,web,1,34.0,0.0,0,delivered
51184,10312,1007,2026-05-28,web,3,119.0,0.0,0,delivered
51185,10312,1008,2026-06-26,web,3,39.0,0.0,0,delivered
51186,10312,1014,2026-07-15,web,1,89.0,10.0,0,delivered
51187,10312,1007,2026-05-24,store,1,119.0,0.0,0,delivered
51188,10312,1005,2026-03-09,web,1,129.0,0.0,0,delivered
51189,10313,1003,2026-07-23,ios,1,59.0,0.0,0,delivered
51190,10314,1013,2026-04-08,web,1,34.0,0.0,0,delivered
51191,10314,1003,2025-08-30,android,1,59.0,0.0,0,delivered
51192,10314,1010,2025-09-29,android,1,29.0,0.0,0,delivered
51193,10314,1006,2025-05-30,android,1,199.0,0.0,0,delivered
51194,10314,1001,2026-01-25,store,3,89.0,0.0,0,delivered
51195,10315,1004,2026-01-01,android,2,79.0,0.0,0,delivered
51196,10315,1015,2026-01-19,web,1,49.0,0.0,0,delivered
51197,10315,1003,2026-08-01,android,1,59.0,0.0,0,delivered
51198,10315,1013,2026-06-19,web,1,34.0,0.0,0,delivered
51199,10315,1012,2026-06-26,web,1,15.0,0.0,0,delivered
51200,10315,1003,2026-06-14,ios,1,59.0,5.0,0,delivered
51201,10315,1015,2026-04-05,android,1,49.0,0.0,0,delivered
51202,10316,1007,2025-11-03,web,1,119.0,0.0,0,delivered
51203,10316,1007,2026-05-16,ios,1,119.0,0.0,1,returned
51204,10316,1004,2026-07-22,web,2,79.0,0.0,0,delivered
51205,10316,1004,2025-11-05,android,1,79.0,5.0,0,delivered
51206,10316,1005,2025-10-27,store,1,129.0,0.0,0,shipped
51207,10316,1013,2026-02-15,web,1,34.0,0.0,0,delivered
51208,10316,1012,2025-10-14,web,1,15.0,0.0,0,delivered
51209,10317,1011,2026-02-17,web,1,24.0,0.0,0,delivered
51210,10317,1015,2026-02-01,web,1,49.0,0.0,0,delivered
51211,10317,1014,2025-12-06,android,2,89.0,0.0,0,delivered
51212,10317,1005,2025-12-05,web,1,129.0,0.0,0,delivered
51213,10317,1001,2026-05-21,store,1,89.0,5.0,0,delivered
51214,10317,1007,2025-12-26,ios,1,119.0,15.0,1,returned
51215,10317,1013,2026-05-26,ios,1,34.0,0.0,0,delivered
51216,10318,1005,2025-12-22,android,1,129.0,5.0,0,delivered
51217,10318,1014,2026-03-18,web,1,89.0,0.0,0,delivered
51218,10318,1007,2026-02-04,store,1,119.0,0.0,0,cancelled
51219,10318,1012,2026-05-23,web,1,15.0,0.0,0,delivered
51220,10318,1006,2026-07-07,store,1,199.0,0.0,0,delivered
51221,10318,1009,2025-05-29,ios,1,69.0,0.0,0,shipped
51222,10319,1001,2025-10-23,ios,1,89.0,0.0,1,returned
51223,10319,1010,2026-04-20,android,1,29.0,15.0,0,delivered
51224,10319,1015,2026-04-16,web,1,49.0,0.0,0,delivered
51225,10319,1003,2025-08-29,android,1,59.0,10.0,0,delivered
51226,10319,1015,2025-12-28,ios,1,49.0,0.0,0,delivered
51227,10320,1011,2025-05-16,ios,1,24.0,0.0,0,delivered
51228,10321,1008,2026-04-03,web,3,39.0,0.0,1,returned
51229,10321,1002,2026-02-19,android,1,149.0,0.0,0,delivered
51230,10321,1015,2025-12-17,web,1,49.0,0.0,0,delivered
51231,10321,1003,2026-04-06,ios,1,59.0,0.0,0,delivered
51232,10321,1013,2026-03-18,android,1,34.0,0.0,1,returned
51233,10322,1010,2026-03-17,android,1,29.0,0.0,0,delivered
51234,10323,1008,2026-01-03,web,1,39.0,5.0,0,delivered
51235,10323,1010,2025-11-27,web,1,29.0,5.0,0,delivered
51236,10323,1014,2025-09-17,ios,1,89.0,0.0,1,returned
51237,10323,1002,2025-08-14,web,1,149.0,0.0,0,cancelled
51238,10323,1010,2025-12-14,android,1,29.0,0.0,0,delivered
51239,10323,1014,2025-07-01,web,1,89.0,0.0,0,delivered
51240,10323,1003,2026-07-04,web,1,59.0,0.0,0,cancelled
51241,10324,1005,2026-08-27,ios,1,129.0,10.0,0,delivered
51242,10325,1014,2025-08-13,android,1,89.0,0.0,0,delivered
51243,10326,1012,2026-05-06,ios,1,15.0,0.0,0,delivered
51244,10326,1005,2026-07-17,ios,1,129.0,0.0,1,returned
51245,10326,1004,2026-04-01,web,1,79.0,0.0,0,delivered
51246,10326,1006,2026-02-10,web,1,199.0,15.0,0,delivered
51247,10326,1011,2026-06-21,android,1,24.0,0.0,0,shipped
51248,10327,1010,2026-01-21,web,1,29.0,0.0,0,cancelled
51249,10327,1004,2026-04-13,ios,1,79.0,0.0,0,delivered
51250,10327,1007,2026-04-22,web,1,119.0,0.0,0,delivered
51251,10327,1002,2025-12-03,web,1,149.0,5.0,0,cancelled
51252,10328,1013,2026-06-03,ios,1,34.0,0.0,0,delivered
51253,10329,1013,2025-12-07,ios,1,34.0,0.0,0,delivered
51254,10329,1002,2025-10-10,android,1,149.0,0.0,0,cancelled
51255,10329,1002,2026-04-20,web,1,149.0,0.0,0,delivered
51256,10329,1014,2025-08-03,store,1,89.0,0.0,0,delivered
51257,10329,1004,2026-03-14,store,1,79.0,0.0,0,delivered
51258,10330,1003,2026-03-07,ios,1,59.0,0.0,0,delivered
51259,10330,1002,2026-06-17,web,1,149.0,0.0,0,delivered
51260,10331,1007,2026-01-29,web,1,119.0,5.0,0,delivered
51261,10331,1012,2025-11-08,android,1,15.0,0.0,0,delivered
51262,10331,1014,2025-10-26,ios,1,89.0,0.0,1,returned
51263,10331,1009,2026-04-20,web,1,69.0,5.0,0,delivered
51264,10332,1006,2026-01-01,ios,2,199.0,0.0,0,delivered
51265,10333,1007,2026-06-01,web,1,119.0,5.0,0,delivered
51266,10333,1002,2026-08-06,ios,1,149.0,15.0,0,delivered
51267,10333,1003,2026-08-10,store,1,59.0,0.0,0,delivered
51268,10333,1008,2026-02-28,ios,1,39.0,5.0,0,delivered
51269,10334,1004,2025-10-02,store,1,79.0,0.0,0,delivered
51270,10335,1010,2026-07-11,store,1,29.0,0.0,0,delivered
51271,10335,1010,2025-06-16,web,1,29.0,0.0,0,delivered
51272,10335,1001,2026-06-08,android,1,89.0,0.0,0,delivered
51273,10335,1011,2026-08-05,web,1,240.0,0.0,0,delivered
51274,10335,1010,2025-06-24,android,1,29.0,10.0,0,delivered
51275,10336,1012,2026-04-10,web,1,15.0,5.0,1,returned
51276,10336,1004,2026-08-11,android,1,79.0,10.0,0,shipped
51277,10336,1010,2025-10-31,web,3,29.0,0.0,0,delivered
51278,10336,1014,2026-05-07,web,1,89.0,0.0,1,returned
51279,10337,1010,2026-02-18,android,2,29.0,0.0,0,cancelled
51280,10337,1001,2026-07-28,web,1,89.0,0.0,0,delivered
51281,10337,1011,2026-02-13,android,1,24.0,0.0,0,delivered
51282,10337,1005,2026-05-21,web,1,129.0,15.0,0,delivered
51283,10337,1005,2025-06-23,web,1,129.0,0.0,0,shipped
51284,10337,1003,2026-05-25,web,1,59.0,0.0,0,delivered
51285,10337,1003,2025-03-30,android,1,59.0,0.0,0,delivered
51286,10338,1014,2025-08-03,web,1,89.0,0.0,0,delivered
51287,10338,1008,2025-07-30,web,1,39.0,0.0,0,delivered
51288,10339,1006,2026-02-01,ios,1,199.0,0.0,0,delivered
51289,10339,1015,2026-02-06,store,1,49.0,0.0,0,delivered
51290,10339,1005,2025-12-19,ios,1,129.0,0.0,0,delivered
51291,10339,1007,2026-05-12,web,1,119.0,0.0,0,delivered
51292,10339,1006,2026-07-12,web,1,199.0,0.0,0,delivered
51293,10339,1002,2026-05-12,android,1,149.0,0.0,1,returned
51294,10339,1006,2026-04-27,android,1,199.0,10.0,0,cancelled
51295,10340,1011,2025-11-29,ios,1,24.0,0.0,0,delivered
51296,10341,1014,2025-09-08,android,1,89.0,0.0,0,delivered
51297,10341,1003,2025-08-24,ios,1,59.0,0.0,0,delivered
51298,10341,1007,2025-10-15,web,1,119.0,0.0,0,delivered
51299,10341,1007,2025-09-20,ios,1,119.0,0.0,0,delivered
51300,10342,1007,2026-04-03,ios,1,119.0,0.0,0,delivered
51301,10343,1006,2025-12-11,web,1,199.0,0.0,0,delivered
51302,10343,1014,2025-09-16,android,1,89.0,0.0,0,delivered
51303,10344,1001,2026-03-10,web,1,89.0,0.0,0,delivered
51304,10344,1005,2025-07-08,web,1,129.0,0.0,0,delivered
51305,10344,1014,2026-08-11,store,1,89.0,0.0,0,delivered
51306,10344,1012,2025-09-11,ios,1,15.0,15.0,0,delivered
51307,10344,1007,2025-10-08,android,1,119.0,0.0,0,delivered
51308,10344,1001,2025-03-13,web,1,89.0,0.0,0,delivered
51309,10344,1002,2025-02-03,ios,1,149.0,0.0,0,delivered
51310,10345,1003,2026-02-08,android,1,59.0,5.0,0,cancelled
51311,10345,1013,2026-05-19,ios,1,34.0,0.0,0,delivered
51312,10346,1005,2025-12-04,store,1,129.0,0.0,0,delivered
51313,10346,1004,2026-07-27,web,1,79.0,0.0,0,delivered
51314,10346,1006,2026-02-28,web,1,199.0,0.0,0,delivered
51315,10347,1003,2026-04-19,android,1,59.0,0.0,0,delivered
51316,10347,1007,2026-08-07,ios,1,119.0,0.0,0,delivered
51317,10347,1001,2026-07-02,web,1,89.0,0.0,1,returned
51318,10347,1007,2025-09-30,android,1,119.0,5.0,0,delivered
51319,10347,1015,2026-02-19,store,1,49.0,0.0,1,returned
51320,10347,1011,2026-03-08,web,1,24.0,0.0,0,delivered
51321,10348,1009,2026-04-14,android,3,69.0,0.0,0,delivered
51322,10348,1011,2026-07-23,android,1,24.0,0.0,0,delivered
51323,10349,1003,2026-04-17,web,1,59.0,0.0,0,delivered
51324,10349,1005,2026-01-02,web,1,129.0,0.0,0,delivered
51325,10349,1015,2026-08-26,store,1,49.0,0.0,0,delivered
51326,10349,1014,2026-04-26,store,1,89.0,0.0,0,delivered
51327,10349,1015,2025-08-15,android,1,49.0,0.0,0,delivered
51328,10349,1014,2026-06-26,android,1,89.0,0.0,0,delivered
51329,10349,1011,2026-04-16,android,1,24.0,0.0,0,delivered
51330,10350,1007,2025-04-20,android,1,119.0,5.0,0,delivered
51331,10350,1009,2025-06-03,ios,1,69.0,0.0,0,delivered
51332,10350,1013,2025-04-07,web,1,34.0,5.0,0,delivered
51333,10350,1002,2025-05-31,web,1,149.0,0.0,0,delivered
51334,10350,1012,2025-10-01,web,1,15.0,0.0,0,delivered
51335,10351,1005,2025-12-21,android,1,129.0,0.0,0,shipped
51336,10351,1004,2026-04-12,ios,1,79.0,0.0,0,delivered
51337,10352,1014,2026-07-11,web,1,89.0,0.0,0,delivered
51338,10352,1008,2026-02-13,web,1,39.0,5.0,0,cancelled
51339,10352,1003,2026-01-31,web,3,59.0,0.0,0,delivered
51340,10353,1012,2026-01-17,web,1,15.0,0.0,0,delivered
51341,10353,1007,2026-08-22,ios,1,119.0,0.0,0,delivered
51342,10353,1013,2026-05-17,web,1,34.0,0.0,0,delivered
51343,10354,1009,2026-03-13,android,1,69.0,0.0,0,delivered
51344,10354,1011,2026-04-09,android,1,24.0,0.0,0,delivered
51345,10354,1002,2026-04-24,web,1,149.0,0.0,0,shipped
51346,10354,1005,2025-12-28,ios,1,129.0,10.0,0,delivered
51347,10355,1015,2026-01-25,web,1,49.0,0.0,0,delivered
51348,10355,1005,2026-06-13,ios,1,129.0,0.0,0,delivered
51349,10355,1014,2026-08-12,android,1,89.0,0.0,0,delivered
51350,10355,1001,2026-07-09,web,1,89.0,10.0,1,returned
51351,10355,1010,2025-09-17,store,1,29.0,0.0,0,cancelled
51352,10355,1008,2025-12-01,web,1,39.0,5.0,1,returned
51353,10356,1015,2026-07-10,web,1,49.0,0.0,0,cancelled
51354,10356,1013,2026-03-01,ios,1,34.0,0.0,0,delivered
51355,10356,1013,2026-06-04,ios,1,34.0,0.0,0,delivered
51356,10356,1006,2026-07-10,android,1,199.0,10.0,0,delivered
51357,10357,1001,2026-01-31,web,2,89.0,0.0,0,delivered
51358,10357,1008,2026-05-14,ios,1,39.0,0.0,0,delivered
51359,10358,1002,2026-07-15,ios,1,149.0,0.0,0,delivered
51360,10358,1001,2026-07-01,ios,1,89.0,0.0,0,delivered
51361,10358,1007,2026-05-14,web,1,119.0,0.0,0,delivered
51362,10359,1007,2026-03-05,ios,1,119.0,0.0,0,delivered
51363,10359,1007,2026-06-15,web,1,119.0,0.0,0,delivered
51364,10359,1011,2026-05-24,android,1,24.0,0.0,0,delivered
51365,10359,1009,2026-05-22,web,1,69.0,0.0,0,delivered
51366,10359,1015,2026-06-14,web,1,49.0,5.0,0,delivered
51367,10360,1003,2026-02-07,web,1,59.0,0.0,0,delivered
51368,10361,1015,2026-04-13,ios,1,49.0,0.0,1,returned
51369,10361,1004,2026-07-03,ios,1,79.0,0.0,0,delivered
51370,10361,1007,2025-12-29,android,1,119.0,0.0,0,delivered
51371,10361,1003,2025-12-10,android,1,59.0,0.0,0,delivered
51372,10362,1002,2026-05-24,android,1,149.0,5.0,0,delivered
51373,10362,1013,2026-06-01,web,1,34.0,0.0,0,delivered
51374,10362,1006,2026-05-01,store,1,199.0,0.0,0,shipped
51375,10362,1004,2026-05-03,ios,1,79.0,0.0,0,cancelled
51376,10362,1011,2026-04-11,store,1,24.0,0.0,0,delivered
51377,10362,1014,2026-02-23,ios,3,89.0,0.0,0,delivered
51378,10362,1013,2026-03-22,ios,1,34.0,0.0,0,delivered
51379,10363,1012,2026-08-13,android,1,15.0,0.0,0,cancelled
51380,10363,1008,2026-01-09,store,1,39.0,0.0,0,cancelled
51381,10364,1015,2025-01-14,web,1,49.0,10.0,1,returned
51382,10364,1003,2026-06-30,web,1,59.0,0.0,0,delivered
51383,10365,1006,2026-03-24,web,1,199.0,0.0,0,delivered
51384,10365,1002,2026-06-07,web,1,149.0,0.0,0,delivered
51385,10365,1001,2025-09-17,web,1,89.0,0.0,0,shipped
51386,10365,1006,2026-06-21,android,1,199.0,0.0,0,delivered
51387,10365,1014,2025-05-21,web,1,89.0,0.0,0,delivered
51388,10365,1015,2026-05-02,web,1,49.0,0.0,0,delivered
51389,10365,1009,2025-04-01,android,1,69.0,10.0,0,delivered
51390,10366,1001,2026-08-07,web,1,89.0,0.0,0,cancelled
51391,10366,1001,2026-01-18,web,1,89.0,0.0,0,delivered
51392,10366,1004,2026-02-20,web,1,79.0,0.0,0,delivered
51393,10366,1010,2026-04-27,store,1,29.0,0.0,0,cancelled
51394,10366,1007,2025-12-18,android,1,119.0,0.0,0,delivered
51395,10366,1003,2026-01-22,store,1,59.0,0.0,0,delivered
51396,10367,1009,2026-08-09,web,1,69.0,0.0,0,shipped
51397,10367,1006,2026-05-05,web,1,199.0,10.0,0,delivered
51398,10367,1015,2026-07-21,ios,1,49.0,0.0,0,shipped
51399,10368,1012,2026-02-18,ios,1,15.0,0.0,0,delivered
51400,10368,1006,2025-06-25,android,1,199.0,5.0,0,delivered
51401,10368,1006,2025-09-27,android,1,199.0,0.0,0,delivered
51402,10368,1001,2026-08-13,web,1,89.0,0.0,0,delivered
51403,10369,1011,2026-05-02,web,1,24.0,0.0,0,delivered
51404,10369,1004,2026-04-24,ios,1,79.0,0.0,0,delivered
51405,10369,1014,2025-12-27,ios,1,89.0,0.0,0,delivered
51406,10369,1014,2026-02-15,web,1,89.0,0.0,0,delivered
51407,10369,1009,2026-05-02,store,1,69.0,5.0,0,cancelled
51408,10370,1003,2026-01-24,web,1,59.0,0.0,0,delivered
51409,10370,1009,2025-12-27,android,1,69.0,0.0,0,delivered
51410,10370,1008,2025-11-23,web,2,39.0,0.0,0,delivered
51411,10370,1002,2025-06-08,web,1,149.0,5.0,0,delivered
51412,10370,1014,2025-12-27,web,1,89.0,10.0,1,returned
51413,10370,1012,2025-03-13,android,1,15.0,0.0,0,delivered
51414,10371,1015,2025-07-09,store,1,49.0,5.0,0,delivered
51415,10371,1007,2026-03-10,web,1,119.0,0.0,0,shipped
51416,10371,1006,2026-03-26,android,1,199.0,0.0,1,returned
51417,10371,1004,2026-05-04,web,1,79.0,10.0,0,delivered
51418,10371,1010,2026-06-09,web,1,29.0,0.0,0,delivered
51419,10371,1005,2026-03-10,android,2,129.0,0.0,0,delivered
51420,10372,1012,2026-04-07,web,1,15.0,0.0,0,delivered
51421,10372,1008,2026-05-26,store,1,39.0,0.0,0,delivered
51422,10372,1001,2026-02-17,ios,1,89.0,0.0,0,delivered
51423,10372,1006,2026-02-08,android,1,199.0,5.0,0,delivered
51424,10372,1008,2026-03-01,web,1,39.0,5.0,0,shipped
51425,10372,1011,2026-03-06,ios,1,24.0,0.0,0,delivered
51426,10372,1011,2026-08-11,store,2,24.0,0.0,0,delivered
51427,10373,1014,2025-11-04,android,1,89.0,0.0,1,returned
51428,10374,1009,2025-11-09,web,1,69.0,0.0,0,delivered
51429,10374,1005,2026-03-03,web,1,129.0,5.0,0,delivered
51430,10374,1004,2025-12-30,android,1,79.0,0.0,0,delivered
51431,10374,1013,2026-03-02,android,1,34.0,0.0,1,returned
51432,10374,1008,2025-11-12,android,1,39.0,0.0,0,delivered
51433,10374,1003,2026-01-28,store,1,59.0,0.0,0,delivered
51434,10375,1004,2026-04-24,web,2,79.0,0.0,0,delivered
51435,10375,1004,2026-04-28,ios,1,79.0,15.0,0,delivered
51436,10375,1014,2026-03-01,web,1,89.0,0.0,1,returned
51437,10375,1012,2026-08-01,android,1,15.0,0.0,0,cancelled
51438,10376,1008,2025-04-26,web,1,39.0,10.0,0,delivered
51439,10376,1003,2026-07-28,web,1,59.0,0.0,0,delivered
51440,10377,1003,2026-08-21,web,1,59.0,10.0,0,delivered
51441,10377,1010,2026-06-14,store,1,29.0,0.0,0,delivered
51442,10377,1010,2026-07-29,ios,1,29.0,0.0,0,shipped
51443,10377,1003,2026-06-04,ios,1,59.0,0.0,0,delivered
51444,10377,1006,2026-05-21,web,1,199.0,0.0,0,delivered
51445,10377,1006,2026-06-01,web,1,199.0,10.0,0,delivered
51446,10377,1008,2026-07-31,web,1,39.0,0.0,0,delivered
51447,10378,1010,2025-06-11,web,1,29.0,15.0,0,delivered
51448,10378,1015,2026-05-04,web,2,49.0,10.0,0,delivered
51449,10378,1010,2025-06-10,ios,1,29.0,0.0,0,delivered
51450,10378,1012,2025-09-16,android,1,15.0,5.0,0,cancelled
51451,10378,1002,2025-12-17,store,2,149.0,0.0,0,delivered
51452,10378,1014,2026-03-20,android,1,89.0,0.0,1,returned
51453,10378,1010,2026-02-15,android,1,29.0,0.0,1,returned
51454,10378,1014,2026-05-15,store,2,89.0,0.0,0,delivered
51455,10379,1004,2026-03-29,web,2,79.0,5.0,0,delivered
51456,10379,1006,2025-09-06,web,2,199.0,0.0,0,delivered
51457,10379,1003,2026-04-19,web,3,59.0,5.0,0,delivered
51458,10379,1013,2026-02-16,web,1,34.0,0.0,0,shipped
51459,10379,1005,2025-10-09,web,1,129.0,0.0,1,returned
51460,10379,1014,2025-07-10,android,1,89.0,0.0,0,delivered
51461,10379,1012,2026-03-26,android,1,15.0,0.0,0,delivered
51462,10380,1010,2025-11-05,store,1,29.0,5.0,0,delivered
51463,10381,1003,2026-05-03,web,1,59.0,0.0,0,delivered
51464,10381,1003,2025-11-20,store,3,59.0,0.0,0,delivered
51465,10382,1010,2026-03-11,web,1,29.0,0.0,0,delivered
51466,10383,1005,2025-12-30,web,1,129.0,5.0,0,delivered
51467,10383,1010,2026-08-02,ios,1,29.0,0.0,0,delivered
51468,10383,1013,2025-09-07,store,1,34.0,0.0,0,delivered
51469,10383,1007,2025-12-07,web,1,119.0,0.0,0,cancelled
51470,10384,1014,2026-03-13,web,1,89.0,5.0,1,returned
51471,10384,1005,2026-06-10,android,1,129.0,0.0,0,delivered
51472,10385,1005,2025-08-21,ios,1,129.0,0.0,0,shipped
51473,10385,1001,2026-06-24,android,1,89.0,0.0,0,delivered
51474,10385,1007,2026-06-28,android,1,119.0,5.0,0,delivered
51475,10386,1003,2025-04-18,android,1,59.0,0.0,0,delivered
51476,10386,1011,2025-04-12,web,1,24.0,5.0,0,delivered
51477,10387,1004,2026-01-27,android,1,79.0,5.0,0,delivered
51478,10387,1002,2026-01-19,android,2,149.0,5.0,0,delivered
51479,10387,1015,2025-10-08,web,1,49.0,5.0,0,delivered
51480,10387,1015,2026-07-03,store,1,49.0,0.0,1,returned
51481,10387,1011,2026-04-20,web,1,24.0,15.0,0,shipped
51482,10387,1008,2026-07-24,web,1,39.0,0.0,1,returned
51483,10388,1011,2026-02-13,store,1,24.0,0.0,0,delivered
51484,10388,1015,2025-10-22,web,1,490.0,0.0,0,delivered
51485,10388,1006,2025-11-13,android,2,199.0,0.0,0,delivered
51486,10388,1014,2026-02-04,web,2,89.0,0.0,0,delivered
51487,10388,1010,2025-08-16,web,1,29.0,0.0,0,delivered
51488,10388,1015,2026-07-06,android,1,49.0,5.0,1,returned
51489,10388,1013,2025-08-23,android,1,34.0,0.0,0,shipped
51490,10388,1001,2026-04-14,web,1,89.0,10.0,0,delivered
51491,10388,1007,2026-04-18,web,1,119.0,0.0,0,delivered
51492,10389,1015,2025-07-01,android,1,49.0,0.0,1,returned
51493,10390,1006,2026-02-05,web,1,199.0,0.0,0,delivered
51494,10390,1008,2026-02-14,web,1,39.0,10.0,0,delivered
51495,10391,1011,2026-05-15,android,1,24.0,5.0,0,delivered
51496,10391,1001,2026-01-31,ios,1,89.0,5.0,0,delivered
51497,10391,1002,2026-01-17,web,1,149.0,0.0,1,returned
51498,10392,1006,2025-08-28,web,1,199.0,0.0,0,cancelled
51499,10393,1009,2025-08-25,web,1,69.0,0.0,0,cancelled
51500,10393,1002,2026-04-26,ios,1,149.0,5.0,0,delivered
51501,10394,1014,2026-06-27,android,1,89.0,0.0,0,delivered
51502,10394,1009,2025-10-15,android,1,69.0,0.0,1,returned
51503,10394,1004,2026-01-13,web,1,79.0,0.0,0,cancelled
51504,10394,1001,2026-02-01,web,1,89.0,0.0,0,delivered
51505,10394,1006,2026-02-27,store,1,199.0,10.0,0,delivered
51506,10394,1002,2026-05-29,web,1,149.0,0.0,0,delivered
51507,10395,1002,2025-12-07,android,1,149.0,0.0,0,delivered
51508,10395,1008,2026-04-28,web,1,39.0,0.0,0,shipped
51509,10395,1012,2026-03-25,web,3,15.0,5.0,0,delivered
51510,10395,1002,2025-12-24,android,1,149.0,0.0,0,delivered
51511,10395,1005,2025-12-04,web,1,129.0,0.0,0,delivered
51512,10395,1001,2026-08-15,ios,1,89.0,0.0,0,delivered
51513,10396,1010,2026-08-25,ios,1,29.0,0.0,0,delivered
51514,10396,1004,2026-04-16,web,1,79.0,0.0,1,returned
51515,10396,1004,2026-06-20,android,1,79.0,0.0,0,delivered
51516,10396,1013,2025-11-09,store,1,34.0,0.0,0,delivered
51517,10396,1008,2026-01-07,web,1,39.0,0.0,0,delivered
51518,10396,1005,2026-02-02,android,1,129.0,0.0,0,delivered
51519,10397,1013,2025-10-19,ios,1,34.0,0.0,0,delivered
51520,10397,1013,2025-12-12,android,1,34.0,0.0,0,delivered
51521,10397,1014,2026-03-10,web,1,89.0,0.0,0,delivered
51522,10397,1006,2026-05-15,store,1,199.0,5.0,0,delivered
51523,10398,1007,2025-11-29,web,1,119.0,5.0,0,delivered
51524,10398,1007,2025-08-10,web,1,119.0,0.0,0,delivered
51525,10398,1011,2026-06-27,ios,1,24.0,0.0,0,delivered
51526,10398,1009,2026-08-18,web,1,69.0,5.0,0,delivered
51527,10399,1002,2026-04-08,store,1,149.0,0.0,0,cancelled
51528,10399,1005,2025-06-04,web,1,129.0,0.0,0,delivered
51529,10399,1003,2025-10-25,web,1,59.0,0.0,0,delivered
51530,10399,1002,2025-07-11,store,1,149.0,10.0,0,delivered
51531,10399,1014,2026-01-28,web,1,89.0,5.0,0,delivered
51532,10400,1009,2026-03-16,android,1,69.0,5.0,0,delivered
51533,10400,1009,2026-07-08,web,1,69.0,15.0,0,shipped
51534,10400,1009,2025-12-08,ios,1,69.0,0.0,1,returned
51535,10400,1008,2026-07-31,web,2,39.0,5.0,0,shipped
51536,10400,1010,2026-02-14,ios,1,29.0,0.0,0,delivered
51537,10401,1014,2025-03-08,web,2,89.0,0.0,0,delivered
51538,10402,1009,2025-12-09,ios,1,69.0,0.0,0,delivered
51539,10402,1013,2025-09-09,web,1,34.0,0.0,0,delivered
51540,10402,1004,2026-02-19,web,1,79.0,5.0,0,delivered
51541,10402,1013,2025-09-18,web,1,34.0,15.0,0,delivered
51542,10403,1007,2026-05-08,web,1,119.0,0.0,0,delivered
51543,10403,1013,2026-03-04,ios,1,34.0,0.0,1,returned
51544,10403,1004,2026-08-03,web,1,79.0,5.0,0,delivered
51545,10403,1004,2026-01-30,android,1,79.0,0.0,0,delivered
51546,10403,1011,2026-02-27,web,2,24.0,0.0,0,delivered
51547,10403,1008,2026-01-15,android,1,39.0,10.0,0,delivered
51548,10403,1006,2026-06-13,android,1,199.0,0.0,0,delivered
51549,10404,1006,2025-08-16,store,1,199.0,10.0,1,returned
51550,10404,1010,2025-10-01,android,1,29.0,0.0,0,delivered
51551,10404,1005,2025-08-30,web,1,129.0,5.0,0,delivered
51552,10404,1006,2025-08-01,android,2,199.0,0.0,0,delivered
51553,10405,1010,2026-05-24,web,1,29.0,0.0,0,delivered
51554,10405,1009,2026-05-13,android,1,69.0,0.0,0,delivered
51555,10405,1012,2026-01-25,android,1,15.0,0.0,0,delivered
51556,10405,1011,2026-01-02,store,1,24.0,5.0,0,delivered
51557,10405,1008,2026-05-05,android,1,39.0,5.0,0,delivered
51558,10405,1003,2026-02-20,web,2,59.0,0.0,0,shipped
51559,10405,1006,2026-05-05,android,1,199.0,0.0,1,returned
51560,10406,1006,2026-06-26,android,1,199.0,5.0,0,delivered
51561,10406,1001,2026-03-13,android,1,89.0,0.0,0,shipped
51562,10406,1006,2026-04-22,store,1,199.0,5.0,0,delivered
51563,10406,1005,2026-08-01,android,1,129.0,0.0,0,delivered
51564,10407,1008,2026-08-03,ios,1,39.0,0.0,0,delivered
51565,10407,1009,2026-04-04,web,1,69.0,0.0,0,delivered
51566,10407,1015,2026-04-29,web,1,49.0,0.0,0,delivered
51567,10407,1011,2026-04-24,android,1,24.0,0.0,0,delivered
51568,10408,1004,2026-01-26,web,1,79.0,0.0,0,delivered
51569,10408,1004,2025-12-21,android,1,79.0,10.0,0,delivered
51570,10408,1004,2026-01-19,web,1,79.0,5.0,0,delivered
51571,10408,1005,2026-01-06,web,1,129.0,0.0,0,delivered
51572,10409,1014,2025-10-07,web,1,89.0,0.0,0,delivered
51573,10409,1008,2025-12-13,android,1,39.0,10.0,0,delivered
51574,10409,1010,2025-10-15,web,1,29.0,0.0,0,delivered
51575,10409,1004,2025-12-15,android,1,79.0,0.0,0,delivered
51576,10409,1003,2025-08-24,android,1,59.0,0.0,1,returned
51577,10409,1012,2025-09-13,android,2,15.0,5.0,0,delivered
51578,10409,1011,2026-04-02,web,1,24.0,0.0,0,delivered
51579,10410,1003,2025-11-04,android,1,59.0,0.0,0,delivered
51580,10410,1015,2026-07-19,android,1,49.0,0.0,0,shipped
51581,10410,1012,2026-01-23,web,1,15.0,0.0,0,shipped
51582,10411,1011,2026-07-12,web,1,24.0,0.0,0,delivered
51583,10411,1007,2025-10-18,android,1,119.0,0.0,0,delivered
51584,10411,1004,2025-09-11,ios,1,79.0,5.0,0,delivered
51585,10412,1001,2025-04-15,web,1,89.0,0.0,0,delivered
51586,10412,1007,2025-07-29,web,1,119.0,0.0,0,delivered
51587,10413,1009,2026-06-16,ios,1,69.0,0.0,0,delivered
51588,10413,1003,2025-10-27,web,1,59.0,10.0,0,delivered
51589,10413,1003,2026-04-27,store,1,59.0,0.0,0,delivered
51590,10413,1008,2025-11-29,android,1,39.0,0.0,0,delivered
51591,10413,1011,2026-08-08,web,3,24.0,5.0,0,delivered
51592,10414,1004,2026-01-04,web,1,79.0,0.0,0,delivered
51593,10415,1007,2026-06-25,android,1,119.0,0.0,0,delivered
51594,10415,1010,2025-12-31,ios,3,29.0,0.0,0,delivered
51595,10415,1002,2026-08-11,android,1,149.0,0.0,0,delivered
51596,10416,1006,2025-06-11,web,1,199.0,0.0,0,delivered
51597,10417,1005,2026-02-27,web,1,129.0,0.0,0,delivered
51598,10417,1003,2026-03-18,store,1,59.0,0.0,0,delivered
51599,10418,1011,2025-01-30,ios,1,24.0,5.0,0,delivered
51600,10418,1009,2025-04-19,store,1,69.0,10.0,0,delivered
51601,10418,1001,2025-04-21,store,2,89.0,5.0,0,delivered
51602,10419,1013,2025-11-02,android,1,34.0,0.0,0,delivered
51603,10419,1012,2025-12-12,android,1,15.0,0.0,0,delivered
51604,10420,1014,2026-01-23,web,1,89.0,0.0,0,delivered
51605,10420,1005,2025-06-02,android,2,129.0,0.0,0,delivered
51606,10420,1007,2025-06-15,web,1,119.0,5.0,0,delivered
51607,10420,1005,2026-04-22,ios,2,129.0,0.0,0,delivered
51608,10421,1003,2026-07-13,ios,1,59.0,15.0,0,delivered
51609,10421,1001,2026-05-27,web,1,89.0,0.0,0,shipped
51610,10421,1007,2026-05-15,web,1,119.0,0.0,0,delivered
51611,10421,1011,2026-06-26,ios,1,24.0,5.0,0,delivered
51612,10421,1010,2026-05-07,ios,1,29.0,0.0,0,delivered
51613,10421,1014,2026-01-16,web,1,89.0,0.0,1,returned
51614,10422,1004,2026-04-21,web,1,79.0,0.0,0,delivered
51615,10422,1005,2026-05-04,android,1,129.0,0.0,0,delivered
51616,10422,1015,2026-01-06,web,2,49.0,5.0,0,delivered
51617,10422,1008,2026-01-02,web,1,39.0,0.0,1,returned
51618,10423,1007,2026-04-24,web,1,119.0,0.0,0,delivered
51619,10423,1011,2025-12-28,store,1,24.0,0.0,0,delivered
51620,10424,1013,2026-01-22,android,1,34.0,0.0,0,delivered
51621,10424,1002,2026-03-06,web,1,149.0,0.0,0,delivered
51622,10424,1011,2026-01-04,android,1,24.0,0.0,0,delivered
51623,10425,1009,2026-04-10,store,1,69.0,0.0,0,delivered
51624,10425,1007,2026-01-28,ios,1,119.0,0.0,0,delivered
51625,10425,1006,2026-02-20,ios,1,199.0,0.0,0,delivered
51626,10426,1010,2026-02-20,web,1,29.0,0.0,0,delivered
51627,10426,1013,2026-07-12,web,1,34.0,0.0,0,shipped
51628,10426,1013,2026-04-28,android,1,34.0,0.0,0,cancelled
51629,10426,1015,2026-01-14,ios,1,49.0,0.0,1,returned
51630,10426,1010,2026-08-13,android,1,29.0,0.0,0,cancelled
51631,10427,1002,2026-04-13,android,1,149.0,0.0,0,delivered
51632,10428,1010,2025-09-27,web,1,29.0,10.0,0,delivered
51633,10428,1003,2025-09-26,web,1,59.0,5.0,0,delivered
51634,10428,1008,2026-08-01,ios,2,39.0,0.0,0,shipped
51635,10429,1005,2026-08-09,store,1,129.0,0.0,0,delivered
51636,10429,1011,2026-08-13,web,1,24.0,5.0,0,delivered
51637,10429,1004,2026-02-18,web,1,79.0,0.0,0,delivered
51638,10429,1009,2026-02-06,web,1,69.0,0.0,0,shipped
51639,10429,1011,2026-04-28,store,3,24.0,0.0,0,delivered
51640,10429,1011,2025-12-07,ios,1,24.0,5.0,0,delivered
51641,10429,1002,2026-05-13,web,2,149.0,0.0,0,delivered
51642,10430,1006,2026-06-24,ios,1,199.0,0.0,0,delivered
51643,10430,1009,2025-12-23,android,1,69.0,0.0,0,delivered
51644,10430,1005,2026-06-04,android,1,129.0,10.0,0,delivered
51645,10430,1008,2026-02-25,web,3,39.0,5.0,0,delivered
51646,10430,1013,2026-06-09,web,1,34.0,0.0,1,returned
51647,10430,1003,2026-06-01,ios,1,59.0,0.0,0,delivered
51648,10431,1014,2026-05-18,android,1,89.0,10.0,1,returned
51649,10432,1003,2025-11-01,web,1,59.0,0.0,0,delivered
51650,10432,1013,2026-06-14,ios,2,34.0,0.0,0,delivered
51651,10432,1007,2026-04-25,ios,1,119.0,0.0,0,delivered
51652,10432,1013,2026-06-10,web,1,34.0,0.0,0,delivered
51653,10432,1015,2026-06-03,web,1,49.0,5.0,0,delivered
51654,10432,1003,2026-04-11,store,2,59.0,0.0,0,delivered
51655,10432,1004,2026-02-23,store,1,79.0,5.0,0,delivered
51656,10433,1014,2025-04-11,ios,1,89.0,5.0,0,cancelled
51657,10433,1006,2026-07-08,web,1,199.0,5.0,0,delivered
51658,10433,1008,2025-08-29,android,1,39.0,0.0,1,returned
51659,10433,1002,2025-12-13,web,1,149.0,0.0,1,returned
51660,10433,1003,2026-03-13,web,2,59.0,0.0,1,returned
51661,10433,1008,2026-02-16,web,1,39.0,5.0,0,delivered
51662,10434,1009,2025-09-21,android,1,69.0,0.0,0,delivered
51663,10434,1015,2025-09-03,ios,1,49.0,0.0,1,returned
51664,10434,1012,2025-10-05,android,1,15.0,0.0,0,delivered
51665,10434,1001,2025-09-05,ios,1,89.0,5.0,0,shipped
51666,10434,1003,2025-08-27,web,1,59.0,5.0,0,delivered
51667,10435,1004,2026-08-22,web,1,79.0,5.0,0,delivered
51668,10435,1002,2026-08-24,web,1,149.0,10.0,0,delivered
51669,10435,1013,2025-12-17,ios,1,34.0,0.0,0,delivered
51670,10435,1004,2026-03-06,android,1,79.0,0.0,0,delivered
51671,10435,1012,2026-01-07,android,1,15.0,5.0,0,delivered
51672,10435,1010,2026-05-08,web,1,29.0,5.0,0,delivered
51673,10435,1009,2026-05-28,web,1,69.0,5.0,0,delivered
51674,10436,1015,2026-01-10,web,1,49.0,10.0,0,shipped
51675,10437,1010,2026-07-22,store,2,29.0,5.0,1,returned
51676,10437,1007,2025-10-14,android,1,119.0,0.0,0,delivered
51677,10437,1010,2025-08-26,ios,1,29.0,5.0,0,delivered
51678,10437,1006,2026-03-22,android,1,199.0,0.0,0,delivered
51679,10437,1010,2025-12-23,web,1,29.0,0.0,0,delivered
51680,10437,1003,2026-03-22,android,1,59.0,5.0,0,delivered
51681,10437,1013,2025-11-28,store,1,34.0,5.0,1,returned
51682,10438,1004,2026-06-09,web,1,79.0,0.0,0,delivered
51683,10438,1014,2026-02-17,ios,2,89.0,0.0,0,delivered
51684,10438,1003,2026-04-01,android,1,59.0,0.0,0,delivered
51685,10438,1011,2026-04-16,web,1,24.0,0.0,0,delivered
51686,10439,1013,2026-02-27,web,1,34.0,0.0,1,returned
51687,10439,1012,2026-02-11,web,1,15.0,0.0,0,delivered
51688,10439,1014,2026-02-24,web,1,89.0,0.0,1,returned
51689,10440,1002,2026-01-15,web,1,149.0,0.0,0,delivered
51690,10441,1002,2026-05-30,ios,1,149.0,0.0,0,delivered
51691,10441,1009,2025-12-08,ios,1,69.0,0.0,0,delivered
51692,10442,1015,2025-08-10,web,1,49.0,0.0,1,returned
51693,10442,1005,2026-06-13,android,1,129.0,0.0,0,delivered
51694,10442,1014,2026-04-18,web,1,89.0,0.0,0,delivered
51695,10442,1014,2026-03-27,store,1,890.0,5.0,0,delivered
51696,10442,1006,2025-07-29,web,1,199.0,0.0,0,delivered
51697,10442,1010,2025-07-18,android,1,29.0,0.0,0,delivered
51698,10443,1007,2026-06-28,web,1,119.0,0.0,0,delivered
51699,10443,1009,2026-06-22,web,1,69.0,0.0,0,delivered
51700,10443,1008,2026-05-24,web,1,39.0,0.0,0,delivered
51701,10443,1012,2026-02-08,web,1,15.0,0.0,0,delivered
51702,10443,1009,2026-07-20,android,1,69.0,0.0,0,delivered
51703,10443,1012,2026-03-04,web,1,15.0,10.0,0,delivered
51704,10444,1001,2026-06-01,web,1,89.0,0.0,0,delivered
51705,10444,1008,2025-10-09,android,1,39.0,10.0,0,delivered
51706,10444,1005,2026-01-16,web,1,129.0,5.0,0,delivered
51707,10445,1007,2025-06-16,android,1,119.0,0.0,0,delivered
51708,10445,1001,2026-03-02,android,1,89.0,0.0,0,delivered
51709,10446,1003,2026-04-06,web,1,59.0,0.0,0,delivered
51710,10447,1008,2026-03-28,web,1,39.0,0.0,0,delivered
51711,10447,1009,2026-08-20,web,1,69.0,0.0,0,delivered
51712,10447,1011,2026-06-12,store,1,24.0,0.0,0,cancelled
51713,10447,1013,2026-05-03,store,1,34.0,0.0,0,delivered
51714,10447,1005,2026-05-20,web,3,129.0,0.0,0,delivered
51715,10447,1005,2026-01-15,android,1,129.0,5.0,0,delivered
51716,10447,1004,2026-04-15,store,1,79.0,0.0,0,delivered
51717,10447,1003,2026-06-16,android,1,59.0,0.0,0,delivered
51718,10448,1011,2026-08-27,web,1,24.0,10.0,0,delivered
51719,10448,1006,2026-01-15,web,1,199.0,0.0,0,delivered
51720,10448,1009,2026-05-30,ios,1,69.0,5.0,0,delivered
51721,10448,1002,2026-07-24,ios,1,149.0,0.0,0,delivered
51722,10448,1011,2026-02-05,web,1,24.0,0.0,0,delivered
51723,10449,1011,2026-04-22,ios,1,24.0,15.0,0,delivered
51724,10449,1008,2025-12-26,web,1,39.0,0.0,0,delivered
51725,10449,1004,2026-04-18,web,1,79.0,0.0,0,delivered
51726,10449,1009,2025-10-09,web,1,69.0,5.0,0,delivered
51727,10449,1007,2025-09-10,android,1,119.0,0.0,0,delivered
51728,10449,1012,2026-07-22,web,1,15.0,5.0,0,delivered
51729,10449,1015,2026-04-29,android,1,49.0,0.0,0,shipped
51730,10450,1002,2025-12-14,ios,1,149.0,0.0,0,delivered
51731,10450,1007,2026-04-10,web,1,119.0,0.0,0,delivered
51732,10450,1012,2026-04-14,android,1,15.0,0.0,0,delivered
51733,10451,1005,2026-05-15,android,1,129.0,0.0,0,delivered
51734,10451,1007,2025-03-15,ios,1,119.0,0.0,0,delivered
51735,10451,1013,2025-08-27,ios,1,34.0,0.0,0,delivered
51736,10451,1002,2025-05-21,web,1,149.0,0.0,0,cancelled
51737,10452,1012,2025-07-13,web,1,15.0,10.0,0,delivered
51738,10452,1003,2025-06-09,web,1,59.0,0.0,0,delivered
51739,10453,1013,2026-02-14,android,1,34.0,0.0,0,delivered
51740,10453,1006,2026-04-12,ios,1,199.0,0.0,0,delivered
51741,10453,1011,2025-12-10,ios,1,24.0,0.0,0,delivered
51742,10453,1014,2026-02-16,web,1,89.0,5.0,0,delivered
51743,10453,1007,2026-01-26,android,1,119.0,0.0,0,delivered
51744,10454,1002,2026-06-17,web,1,149.0,5.0,0,delivered
51745,10454,1005,2025-06-22,ios,2,129.0,15.0,0,delivered
51746,10454,1001,2025-11-05,web,1,89.0,0.0,0,delivered
51747,10454,1015,2025-09-13,web,2,49.0,0.0,0,shipped
51748,10455,1003,2026-01-27,android,1,59.0,0.0,0,delivered
51749,10455,1008,2026-03-17,store,1,39.0,0.0,0,delivered
51750,10455,1014,2026-07-30,ios,1,89.0,5.0,0,shipped
51751,10456,1002,2025-10-28,android,1,149.0,0.0,0,delivered
51752,10456,1008,2026-06-20,ios,1,39.0,0.0,0,delivered
51753,10456,1004,2025-09-29,store,1,79.0,0.0,0,delivered
51754,10456,1001,2026-01-12,ios,1,89.0,5.0,0,delivered
51755,10456,1013,2025-05-28,android,1,34.0,0.0,0,delivered
51756,10457,1012,2025-09-08,ios,3,15.0,0.0,0,delivered
51757,10458,1004,2026-05-18,ios,1,79.0,0.0,0,delivered
51758,10458,1014,2026-08-06,ios,3,89.0,0.0,1,returned
51759,10458,1007,2026-01-05,store,1,119.0,0.0,0,delivered
51760,10458,1015,2026-07-05,web,1,49.0,15.0,0,delivered
51761,10458,1005,2026-01-30,ios,1,129.0,0.0,0,delivered
51762,10459,1008,2026-01-11,ios,1,39.0,0.0,0,cancelled
51763,10459,1008,2025-10-31,android,1,39.0,0.0,0,delivered
51764,10459,1002,2026-03-25,web,2,149.0,0.0,0,delivered
51765,10459,1011,2025-06-19,web,1,24.0,10.0,0,delivered
51766,10459,1001,2025-09-05,android,3,89.0,0.0,0,delivered
51767,10459,1015,2026-04-13,store,1,49.0,0.0,0,delivered
51768,10459,1015,2026-06-24,web,1,49.0,10.0,1,returned
51769,10460,1006,2025-02-15,web,1,199.0,0.0,0,delivered
51770,10460,1013,2026-02-25,web,1,34.0,5.0,0,delivered
51771,10460,1012,2026-08-13,ios,1,15.0,0.0,0,delivered
51772,10460,1005,2026-01-23,web,1,129.0,0.0,0,delivered
51773,10460,1008,2026-01-01,web,1,39.0,0.0,0,delivered
51774,10460,1007,2025-04-29,store,1,119.0,0.0,0,delivered
51775,10461,1015,2025-11-19,web,1,49.0,0.0,0,delivered
51776,10461,1011,2025-09-23,web,1,24.0,0.0,0,delivered
51777,10461,1010,2025-10-21,store,1,29.0,0.0,0,shipped
51778,10461,1014,2025-10-14,web,1,89.0,0.0,0,delivered
51779,10461,1007,2026-07-21,web,2,119.0,5.0,0,shipped
51780,10461,1008,2026-07-31,ios,1,39.0,0.0,0,delivered
51781,10462,1009,2026-02-12,android,1,69.0,0.0,0,delivered
51782,10462,1010,2026-03-09,web,1,29.0,0.0,0,delivered
51783,10462,1004,2026-03-15,web,1,79.0,0.0,0,delivered
51784,10462,1005,2026-02-21,ios,3,129.0,5.0,0,delivered
51785,10463,1006,2025-11-02,store,1,199.0,0.0,0,delivered
51786,10463,1001,2026-07-19,android,1,89.0,0.0,0,delivered
51787,10463,1014,2026-06-15,web,1,89.0,0.0,1,returned
51788,10463,1006,2025-07-08,web,1,199.0,0.0,0,cancelled
51789,10463,1009,2026-05-13,web,1,69.0,0.0,0,delivered
51790,10463,1008,2026-06-10,ios,2,39.0,0.0,0,delivered
51791,10464,1010,2025-04-14,web,1,29.0,0.0,0,shipped
51792,10465,1006,2026-06-09,web,3,199.0,0.0,0,delivered
51793,10465,1014,2026-01-30,web,1,89.0,0.0,0,delivered
51794,10465,1012,2026-04-24,ios,2,15.0,0.0,0,cancelled
51795,10466,1004,2025-04-20,ios,1,79.0,5.0,0,delivered
51796,10466,1004,2025-04-20,ios,1,79.0,0.0,0,delivered
51797,10466,1015,2025-05-10,store,2,49.0,0.0,0,delivered
51798,10466,1003,2025-12-30,store,1,59.0,0.0,0,delivered
51799,10467,1003,2026-07-15,web,1,59.0,5.0,0,delivered
51800,10467,1014,2025-03-09,ios,1,89.0,0.0,0,delivered
51801,10467,1011,2025-06-23,android,1,24.0,0.0,0,delivered
51802,10467,1001,2025-10-14,web,1,89.0,0.0,0,shipped
51803,10467,1013,2025-01-27,ios,1,34.0,0.0,1,returned
51804,10467,1006,2025-03-01,web,1,199.0,0.0,0,delivered
51805,10467,1003,2025-06-07,ios,1,59.0,0.0,0,delivered
51806,10468,1003,2026-05-11,web,1,59.0,5.0,0,delivered
51807,10468,1013,2025-08-23,web,1,34.0,0.0,0,delivered
51808,10469,1004,2025-04-01,web,1,79.0,0.0,0,delivered
51809,10470,1013,2026-01-25,web,3,34.0,0.0,1,returned
51810,10471,1008,2026-07-28,ios,1,39.0,0.0,0,delivered
51811,10471,1002,2025-11-05,ios,1,149.0,5.0,0,delivered
51812,10471,1003,2025-11-16,store,1,59.0,0.0,0,delivered
51813,10471,1004,2025-07-28,android,1,79.0,0.0,0,delivered
51814,10471,1008,2025-11-14,web,1,39.0,0.0,0,delivered
51815,10472,1010,2026-03-17,store,1,29.0,5.0,0,delivered
51816,10472,1011,2025-12-10,web,1,24.0,0.0,0,delivered
51817,10472,1014,2026-03-06,web,1,89.0,0.0,1,returned
51818,10473,1012,2026-06-12,web,1,15.0,0.0,0,delivered
51819,10473,1012,2025-11-13,store,1,15.0,0.0,0,delivered
51820,10473,1012,2025-11-17,web,1,15.0,5.0,0,delivered
51821,10473,1006,2026-01-09,web,1,199.0,0.0,0,delivered
51822,10473,1008,2025-09-26,store,1,39.0,0.0,0,delivered
51823,10474,1003,2026-08-02,android,1,59.0,0.0,0,delivered
51824,10474,1010,2026-06-25,web,1,29.0,5.0,0,delivered
51825,10474,1014,2026-07-15,web,1,89.0,0.0,1,returned
51826,10474,1007,2026-02-28,web,1,119.0,5.0,0,delivered
51827,10474,1005,2026-02-27,ios,1,129.0,5.0,1,returned
51828,10474,1007,2026-04-10,ios,1,119.0,0.0,0,delivered
51829,10474,1011,2025-10-17,web,1,24.0,15.0,0,delivered
51830,10474,1009,2026-07-01,web,1,69.0,5.0,0,delivered
51831,10474,1001,2026-02-24,ios,1,89.0,10.0,0,shipped
51832,10475,1014,2026-06-18,android,1,89.0,0.0,0,delivered
51833,10475,1001,2025-12-27,android,1,89.0,15.0,0,delivered
51834,10476,1014,2026-03-24,store,1,89.0,10.0,0,delivered
51835,10476,1011,2026-04-01,web,1,24.0,0.0,0,delivered
51836,10476,1011,2026-04-28,ios,1,24.0,0.0,0,delivered
51837,10476,1002,2026-07-15,web,1,149.0,0.0,0,delivered
51838,10476,1004,2026-04-08,ios,2,79.0,0.0,0,delivered
51839,10476,1008,2026-05-31,ios,1,39.0,5.0,0,delivered
51840,10477,1005,2025-03-25,web,1,129.0,0.0,1,returned
51841,10478,1006,2025-07-27,store,1,199.0,0.0,0,delivered
51842,10479,1008,2026-01-20,android,1,39.0,0.0,0,delivered
51843,10479,1008,2026-03-31,ios,1,39.0,10.0,0,cancelled
51844,10479,1002,2026-02-26,store,1,149.0,0.0,0,delivered
51845,10480,1010,2026-06-27,ios,1,29.0,0.0,0,delivered
51846,10480,1015,2026-07-01,android,1,49.0,0.0,0,delivered
51847,10480,1015,2026-01-10,store,2,49.0,5.0,0,delivered
51848,10480,1005,2026-04-13,ios,2,129.0,0.0,0,delivered
51849,10480,1009,2026-07-04,web,1,69.0,0.0,0,delivered
51850,10480,1002,2025-05-26,ios,1,149.0,0.0,1,returned
51851,10480,1002,2025-08-07,web,1,149.0,0.0,1,returned
51852,10481,1010,2026-08-10,ios,2,29.0,10.0,0,delivered
51853,10481,1015,2026-01-24,android,1,49.0,0.0,1,returned
51854,10481,1001,2026-06-07,web,1,89.0,0.0,0,delivered
51855,10481,1004,2026-05-10,web,1,79.0,0.0,1,returned
51856,10481,1013,2026-06-24,ios,1,34.0,0.0,0,delivered
51857,10482,1006,2026-06-21,web,1,199.0,0.0,0,delivered
51858,10482,1014,2026-04-28,ios,1,89.0,0.0,0,delivered
51859,10482,1011,2025-08-20,android,1,24.0,0.0,0,delivered
51860,10482,1014,2025-10-30,android,2,89.0,0.0,0,delivered
51861,10483,1014,2025-06-30,web,1,89.0,0.0,0,shipped
51862,10483,1005,2026-06-17,ios,1,129.0,0.0,0,delivered
51863,10484,1007,2026-01-29,android,1,119.0,0.0,1,returned
51864,10484,1013,2025-12-28,ios,1,34.0,0.0,0,delivered
51865,10484,1009,2025-11-16,ios,1,69.0,0.0,0,delivered
51866,10485,1014,2026-02-19,ios,1,89.0,10.0,0,delivered
51867,10485,1005,2026-06-09,web,1,129.0,0.0,0,delivered
51868,10485,1005,2025-11-20,web,1,129.0,5.0,1,returned
51869,10485,1004,2026-07-26,web,2,79.0,0.0,0,shipped
51870,10485,1002,2026-01-30,store,1,149.0,0.0,0,delivered
51871,10485,1014,2025-11-18,web,1,89.0,10.0,0,cancelled
51872,10485,1007,2026-06-30,android,1,119.0,0.0,0,cancelled
51873,10486,1005,2026-05-03,web,1,129.0,0.0,0,delivered
51874,10486,1003,2026-08-17,web,1,59.0,0.0,0,delivered
51875,10486,1012,2026-06-09,store,1,15.0,0.0,0,delivered
51876,10487,1014,2025-10-01,ios,1,89.0,5.0,0,cancelled
51877,10487,1003,2025-07-03,web,1,59.0,15.0,0,delivered
51878,10488,1006,2026-03-18,web,1,199.0,0.0,0,delivered
51879,10488,1013,2026-06-03,web,1,34.0,0.0,0,delivered
51880,10488,1006,2026-07-13,web,1,199.0,0.0,0,delivered
51881,10489,1012,2025-12-19,android,1,15.0,0.0,0,delivered
51882,10489,1014,2026-02-05,ios,1,89.0,5.0,0,delivered
51883,10490,1002,2025-12-28,android,1,149.0,0.0,0,delivered
51884,10491,1005,2025-05-13,ios,1,129.0,0.0,1,returned
51885,10491,1006,2026-05-03,web,1,199.0,0.0,0,delivered
51886,10491,1011,2026-08-12,android,1,24.0,0.0,0,delivered
51887,10492,1009,2026-04-20,web,1,69.0,0.0,0,delivered
51888,10492,1001,2026-03-02,web,1,89.0,0.0,0,delivered
51889,10492,1008,2026-07-29,ios,1,39.0,5.0,1,returned
51890,10492,1014,2026-02-06,web,1,89.0,0.0,0,delivered
51891,10492,1002,2026-02-09,web,1,149.0,0.0,0,delivered
51892,10493,1010,2026-01-01,web,2,29.0,5.0,0,delivered
51893,10493,1012,2026-03-08,android,1,15.0,0.0,0,delivered
51894,10493,1011,2025-12-05,web,1,24.0,0.0,0,delivered
51895,10494,1007,2026-08-07,android,1,119.0,0.0,0,delivered
51896,10494,1005,2026-03-02,web,3,129.0,10.0,0,delivered
51897,10494,1005,2026-02-25,web,1,129.0,0.0,0,delivered
51898,10494,1007,2026-03-31,web,1,119.0,0.0,1,returned
51899,10495,1004,2026-03-18,web,2,79.0,0.0,0,delivered
51900,10495,1011,2026-06-28,android,1,24.0,0.0,0,delivered
51901,10496,1001,2025-09-26,ios,1,89.0,0.0,0,delivered
51902,10496,1010,2025-11-20,web,1,29.0,0.0,1,returned
51903,10496,1001,2026-06-01,web,2,89.0,0.0,0,cancelled
51904,10496,1004,2026-03-12,store,1,79.0,0.0,0,cancelled
51905,10496,1010,2025-10-18,web,1,29.0,0.0,0,delivered
51906,10496,1001,2026-01-10,android,1,890.0,5.0,0,delivered
51907,10496,1012,2026-05-28,web,1,15.0,0.0,0,shipped
51908,10497,1001,2026-05-23,android,1,89.0,0.0,0,delivered
51909,10497,1007,2026-01-25,store,1,119.0,0.0,0,delivered
51910,10497,1011,2026-07-14,ios,1,24.0,0.0,0,delivered
51911,10497,1007,2026-07-13,web,1,119.0,5.0,0,delivered
51912,10497,1007,2026-02-03,store,1,119.0,0.0,0,delivered
51913,10498,1013,2026-01-12,web,1,34.0,0.0,0,delivered
51914,10498,1015,2026-01-20,web,1,49.0,5.0,1,returned
51915,10498,1006,2026-01-23,android,1,199.0,0.0,0,cancelled
51916,10498,1001,2025-10-28,ios,1,89.0,5.0,0,delivered
51917,10498,1010,2026-04-09,web,1,29.0,0.0,0,cancelled
51918,10498,1010,2025-12-13,web,1,29.0,0.0,0,delivered
51919,10499,1013,2025-03-24,ios,1,34.0,0.0,1,returned
51920,10499,1015,2025-03-17,android,1,49.0,10.0,0,delivered
51921,10499,1003,2025-03-22,android,1,59.0,5.0,0,delivered
51922,10499,1011,2025-04-20,ios,1,24.0,0.0,0,delivered
51923,10499,1014,2025-05-31,web,1,89.0,0.0,1,returned
51924,10500,1009,2025-07-31,web,1,69.0,0.0,1,returned
51925,10500,1005,2025-12-03,android,1,129.0,0.0,1,returned
51926,10501,1001,2026-01-01,ios,1,89.0,0.0,0,delivered
51927,10501,1008,2026-05-15,ios,1,39.0,0.0,0,delivered
51928,10501,1012,2026-02-14,android,1,15.0,0.0,0,delivered
51929,10501,1004,2026-03-20,android,1,79.0,0.0,0,delivered
51930,10501,1002,2026-07-18,web,2,149.0,0.0,0,delivered
51931,10502,1014,2026-04-06,web,1,89.0,0.0,0,delivered
51932,10502,1004,2026-05-19,store,1,79.0,0.0,0,delivered
51933,10502,1007,2026-07-23,android,1,119.0,0.0,0,delivered
51934,10502,1009,2026-08-11,ios,1,69.0,0.0,0,delivered
51935,10502,1004,2025-09-25,web,1,79.0,10.0,0,delivered
51936,10503,1012,2026-03-18,store,1,15.0,15.0,0,delivered
51937,10503,1007,2026-02-19,web,1,119.0,0.0,0,delivered
51938,10503,1013,2026-06-04,web,1,34.0,0.0,0,delivered
51939,10503,1009,2026-05-06,ios,1,69.0,0.0,0,delivered
51940,10503,1002,2025-12-24,web,1,149.0,0.0,0,delivered
51941,10503,1007,2026-01-15,store,1,119.0,0.0,1,returned
51942,10504,1008,2025-08-26,ios,3,39.0,0.0,0,delivered
51943,10504,1013,2025-07-30,web,1,34.0,10.0,1,returned
51944,10505,1009,2026-02-20,android,1,69.0,0.0,0,delivered
51945,10505,1001,2026-03-06,web,1,89.0,0.0,0,delivered
51946,10506,1003,2026-01-31,web,1,59.0,0.0,0,delivered
51947,10506,1010,2026-04-28,web,1,29.0,0.0,0,cancelled
51948,10506,1004,2025-05-22,web,1,79.0,0.0,1,returned
51949,10506,1009,2026-08-02,web,1,69.0,0.0,0,delivered
51950,10507,1005,2026-05-29,web,2,129.0,0.0,0,shipped
51951,10508,1005,2026-03-05,ios,1,129.0,0.0,0,delivered
51952,10508,1001,2025-09-28,android,1,89.0,0.0,0,delivered
51953,10508,1002,2026-06-13,store,1,149.0,0.0,0,delivered
51954,10508,1005,2025-10-26,web,1,129.0,0.0,0,delivered
51955,10508,1010,2026-06-03,store,1,29.0,0.0,0,delivered
51956,10508,1012,2026-08-10,web,1,15.0,0.0,0,delivered
51957,10508,1001,2026-07-24,ios,1,89.0,0.0,0,delivered
51958,10508,1008,2026-03-10,web,1,39.0,10.0,0,delivered
51959,10509,1008,2026-01-22,ios,1,39.0,0.0,0,delivered
51960,10509,1010,2026-06-24,web,1,29.0,5.0,0,delivered
51961,10510,1011,2026-08-10,ios,1,24.0,0.0,1,returned
51962,10510,1010,2025-12-03,android,1,29.0,0.0,0,delivered
51963,10511,1001,2026-04-14,web,1,89.0,0.0,0,delivered
51964,10511,1014,2025-08-25,android,3,89.0,0.0,0,delivered
51965,10512,1001,2025-07-15,web,1,89.0,0.0,0,delivered
51966,10512,1015,2026-05-13,store,1,49.0,0.0,0,shipped
51967,10513,1013,2026-08-05,ios,2,34.0,0.0,0,shipped
51968,10513,1010,2026-05-22,web,1,29.0,0.0,0,delivered
51969,10513,1009,2026-08-13,store,1,69.0,0.0,0,delivered
51970,10513,1004,2026-04-25,store,1,79.0,0.0,0,delivered
51971,10514,1012,2026-07-22,store,1,15.0,5.0,0,delivered
51972,10514,1007,2026-06-21,ios,1,119.0,0.0,0,delivered
51973,10515,1010,2026-01-18,web,1,29.0,0.0,0,delivered
51974,10515,1006,2025-04-10,ios,1,199.0,0.0,0,delivered
51975,10516,1013,2025-12-17,ios,1,34.0,5.0,0,delivered
51976,10516,1006,2026-04-17,web,1,199.0,0.0,0,delivered
51977,10516,1012,2026-03-24,ios,1,15.0,0.0,0,delivered
51978,10516,1015,2026-06-13,store,1,49.0,10.0,1,returned
51979,10516,1013,2026-07-01,web,1,34.0,0.0,0,delivered
51980,10516,1012,2026-01-15,web,1,15.0,0.0,1,returned
51981,10516,1015,2026-07-19,android,1,49.0,0.0,0,delivered
51982,10517,1002,2026-01-16,store,1,149.0,0.0,0,delivered
51983,10518,1007,2025-04-01,web,1,119.0,0.0,0,delivered
51984,10518,1002,2025-04-10,web,1,149.0,5.0,0,delivered
51985,10518,1007,2025-04-29,web,1,119.0,0.0,0,delivered
51986,10518,1002,2025-04-16,store,1,149.0,0.0,0,delivered
51987,10518,1011,2025-05-08,web,1,24.0,0.0,0,delivered
51988,10519,1009,2025-11-12,web,1,69.0,0.0,0,delivered
51989,10519,1007,2025-11-02,web,1,119.0,0.0,0,delivered
51990,10519,1014,2026-07-05,web,1,89.0,0.0,0,cancelled
51991,10520,1008,2025-05-09,web,1,39.0,5.0,0,delivered
51992,10521,1008,2025-04-26,web,1,39.0,15.0,0,shipped
51993,10521,1009,2025-02-21,web,1,69.0,0.0,0,delivered
51994,10522,1003,2026-08-11,store,1,59.0,0.0,0,delivered
51995,10522,1006,2026-05-12,android,1,199.0,0.0,0,delivered
51996,10522,1004,2026-05-12,web,1,79.0,0.0,0,delivered
51997,10522,1010,2026-08-20,web,1,29.0,0.0,0,delivered
51998,10522,1005,2026-02-27,android,1,129.0,0.0,0,delivered
51999,10522,1009,2026-06-15,web,1,69.0,10.0,0,delivered
52000,10522,1011,2026-02-14,web,1,24.0,0.0,0,delivered
52001,10523,1013,2026-05-17,store,1,34.0,15.0,0,delivered
52002,10523,1015,2025-12-07,web,1,49.0,5.0,0,shipped
52003,10523,1001,2026-05-12,android,1,89.0,0.0,0,shipped
52004,10523,1010,2026-01-11,web,1,29.0,0.0,0,delivered
52005,10523,1008,2025-08-25,ios,1,39.0,0.0,0,delivered
52006,10523,1015,2025-10-21,web,1,49.0,5.0,0,delivered
52007,10524,1006,2025-09-15,web,1,199.0,5.0,0,delivered
52008,10524,1003,2025-05-18,web,1,59.0,0.0,0,delivered
52009,10524,1012,2026-02-27,store,1,15.0,5.0,0,delivered
52010,10524,1007,2025-01-20,ios,1,119.0,0.0,0,delivered
52011,10524,1001,2025-02-04,android,1,89.0,5.0,0,delivered
52012,10524,1010,2025-07-18,web,1,29.0,0.0,0,delivered
52013,10524,1004,2025-01-26,ios,1,79.0,5.0,0,delivered
52014,10525,1015,2026-03-04,web,1,49.0,0.0,0,delivered
52015,10525,1010,2025-08-06,android,1,29.0,5.0,0,delivered
52016,10525,1007,2025-05-17,web,1,119.0,0.0,0,cancelled
52017,10525,1001,2025-08-19,store,1,89.0,0.0,0,delivered
52018,10525,1006,2025-03-19,web,1,199.0,0.0,0,shipped
52019,10526,1002,2025-12-30,store,1,149.0,0.0,0,delivered
52020,10526,1011,2026-06-06,ios,1,24.0,5.0,0,delivered
52021,10526,1003,2026-06-29,web,2,59.0,0.0,1,returned
52022,10526,1002,2026-06-20,ios,1,149.0,0.0,0,delivered
52023,10526,1012,2026-03-25,web,1,15.0,0.0,0,delivered
52024,10526,1009,2026-07-17,web,1,69.0,0.0,0,delivered
52025,10527,1015,2025-01-19,ios,1,49.0,0.0,0,delivered
52026,10527,1001,2026-08-21,ios,1,89.0,15.0,0,delivered
52027,10527,1009,2026-07-26,web,1,69.0,0.0,0,delivered
52028,10527,1007,2025-12-29,store,1,119.0,0.0,0,delivered
52029,10528,1015,2026-03-28,web,1,49.0,0.0,1,returned
52030,10528,1011,2026-08-02,android,1,24.0,0.0,0,delivered
52031,10528,1014,2026-03-20,android,1,89.0,0.0,0,delivered
52032,10528,1010,2026-08-08,web,3,29.0,0.0,0,cancelled
52033,10528,1001,2026-06-22,android,1,89.0,10.0,0,delivered
52034,10529,1006,2025-10-20,android,1,199.0,0.0,0,delivered
52035,10529,1011,2026-01-23,ios,1,24.0,0.0,0,delivered
52036,10529,1006,2025-10-19,web,1,199.0,0.0,0,delivered
52037,10529,1005,2025-06-29,web,1,129.0,0.0,0,delivered
52038,10530,1001,2025-07-11,android,1,89.0,0.0,0,shipped
52039,10530,1011,2025-02-23,ios,3,24.0,0.0,0,delivered
52040,10530,1008,2025-05-24,web,1,39.0,0.0,0,shipped
52041,10530,1013,2025-03-19,ios,1,34.0,15.0,1,returned
52042,10531,1006,2025-06-23,web,1,199.0,0.0,0,delivered
52043,10531,1004,2025-06-09,android,1,79.0,0.0,1,returned
52044,10531,1003,2025-04-23,web,1,59.0,0.0,0,cancelled
52045,10531,1014,2025-12-22,web,1,89.0,0.0,0,cancelled
52046,10531,1008,2025-06-04,android,2,39.0,0.0,0,delivered
52047,10531,1008,2026-07-22,web,1,39.0,0.0,0,delivered
52048,10532,1007,2025-12-16,android,1,119.0,0.0,0,delivered
52049,10532,1010,2026-06-12,web,1,29.0,0.0,0,delivered
52050,10533,1014,2025-09-13,ios,1,89.0,0.0,0,delivered
52051,10533,1006,2025-08-27,android,1,199.0,0.0,0,delivered
52052,10534,1005,2026-04-11,ios,1,129.0,5.0,0,delivered
52053,10534,1010,2026-05-19,web,1,29.0,0.0,0,delivered
52054,10535,1007,2025-11-26,web,1,119.0,0.0,0,delivered
52055,10535,1006,2026-04-21,web,1,199.0,0.0,0,delivered
52056,10535,1003,2026-08-14,web,1,59.0,0.0,0,shipped
52057,10535,1008,2026-01-29,android,1,39.0,0.0,0,delivered
52058,10536,1008,2025-09-18,web,1,39.0,5.0,0,delivered
52059,10537,1004,2025-05-04,web,1,79.0,0.0,0,delivered
52060,10537,1002,2026-05-21,store,1,149.0,0.0,0,delivered
52061,10537,1010,2025-09-13,web,1,29.0,0.0,0,delivered
52062,10537,1004,2025-06-20,store,1,79.0,0.0,1,returned
52063,10538,1013,2026-07-07,web,1,34.0,0.0,0,delivered
52064,10538,1004,2026-06-05,web,1,79.0,0.0,0,cancelled
52065,10538,1010,2025-12-03,web,1,29.0,0.0,0,delivered
52066,10538,1007,2025-12-04,ios,1,119.0,0.0,0,delivered
52067,10538,1015,2026-06-06,android,1,49.0,15.0,0,delivered
52068,10538,1009,2026-04-06,web,1,69.0,15.0,0,delivered
52069,10538,1010,2025-09-29,ios,1,29.0,0.0,0,shipped
52070,10539,1001,2026-08-10,web,1,89.0,5.0,0,delivered
52071,10539,1015,2025-11-08,web,1,49.0,0.0,0,delivered
52072,10539,1013,2025-05-11,web,2,34.0,0.0,0,delivered
52073,10539,1001,2026-05-12,store,1,89.0,0.0,0,delivered
52074,10539,1008,2025-05-08,store,1,39.0,0.0,1,returned
52075,10539,1013,2026-04-24,android,1,34.0,0.0,0,delivered
52076,10539,1005,2025-07-30,ios,1,129.0,0.0,0,delivered
52077,10539,1006,2025-09-25,android,1,199.0,0.0,0,cancelled
52078,10540,1009,2025-11-15,android,1,69.0,0.0,0,delivered
52079,10540,1010,2026-02-11,web,1,29.0,0.0,0,delivered
52080,10540,1006,2025-11-15,ios,1,199.0,0.0,0,delivered
52081,10540,1004,2026-05-15,web,1,79.0,0.0,0,delivered
52082,10540,1001,2026-05-29,store,1,89.0,0.0,0,delivered
52083,10540,1012,2026-04-18,ios,1,15.0,10.0,0,delivered
52084,10541,1010,2025-08-08,web,1,29.0,5.0,0,cancelled
52085,10541,1010,2025-08-06,web,1,29.0,0.0,0,shipped
52086,10541,1005,2026-04-26,android,1,129.0,0.0,0,delivered
52087,10542,1015,2025-12-07,store,1,49.0,5.0,1,returned
52088,10542,1006,2025-10-25,android,1,199.0,0.0,0,delivered
52089,10542,1010,2025-09-12,android,1,29.0,0.0,0,delivered
52090,10542,1005,2025-11-17,android,1,129.0,0.0,0,delivered
52091,10543,1012,2026-07-08,web,1,15.0,0.0,0,delivered
52092,10544,1012,2026-07-29,web,1,15.0,0.0,0,delivered
52093,10544,1008,2026-01-29,ios,1,39.0,0.0,0,delivered
52094,10544,1007,2025-11-08,ios,1,119.0,0.0,0,delivered
52095,10544,1010,2025-08-09,store,1,29.0,0.0,0,delivered
52096,10544,1003,2025-07-20,web,1,59.0,0.0,0,delivered
52097,10544,1010,2025-08-15,web,1,29.0,0.0,0,delivered
52098,10544,1001,2025-07-09,android,1,89.0,0.0,0,delivered
52099,10544,1008,2026-01-04,web,1,39.0,5.0,0,delivered
52100,10544,1006,2025-08-08,android,1,199.0,10.0,0,delivered
52101,10544,1012,2026-05-26,android,1,15.0,0.0,0,delivered
52102,10545,1011,2026-05-26,ios,1,24.0,0.0,0,delivered
52103,10545,1007,2026-02-22,web,1,119.0,0.0,0,shipped
52104,10546,1005,2026-01-20,ios,1,129.0,5.0,0,delivered
52105,10546,1013,2026-02-27,ios,1,34.0,0.0,0,cancelled
52106,10546,1005,2026-02-14,ios,1,129.0,0.0,0,delivered
52107,10546,1015,2026-01-26,store,1,49.0,0.0,0,shipped
52108,10547,1001,2026-07-20,web,1,89.0,0.0,0,delivered
52109,10547,1013,2026-03-12,web,1,34.0,0.0,1,returned
52110,10548,1004,2025-12-30,web,1,79.0,10.0,0,delivered
52111,10549,1008,2025-03-05,ios,1,39.0,0.0,0,delivered
52112,10550,1011,2026-07-12,ios,1,24.0,0.0,0,delivered
52113,10550,1008,2026-02-18,web,1,39.0,0.0,0,delivered
52114,10550,1014,2026-06-20,store,1,89.0,5.0,1,returned
52115,10550,1010,2026-04-04,web,1,29.0,5.0,0,delivered
52116,10550,1003,2025-12-06,android,1,59.0,0.0,0,delivered
52117,10551,1002,2026-07-31,android,1,1490.0,0.0,0,delivered
52118,10551,1003,2025-09-18,web,1,59.0,0.0,0,delivered
52119,10551,1004,2025-07-16,android,1,79.0,0.0,0,cancelled
52120,10551,1003,2025-07-16,android,2,59.0,0.0,1,returned
52121,10551,1003,2026-02-10,ios,1,59.0,5.0,0,delivered
52122,10551,1015,2025-11-06,ios,1,49.0,0.0,0,shipped
52123,10552,1003,2025-10-23,ios,1,59.0,0.0,0,delivered
52124,10552,1007,2026-03-29,android,1,119.0,0.0,0,delivered
52125,10552,1006,2026-05-14,web,1,199.0,0.0,0,delivered
52126,10552,1002,2026-07-04,android,1,149.0,0.0,0,delivered
52127,10553,1001,2025-12-05,store,1,89.0,0.0,0,delivered
52128,10553,1001,2026-01-09,web,1,89.0,0.0,0,cancelled
52129,10553,1001,2025-12-12,web,1,89.0,0.0,0,delivered
52130,10553,1013,2026-01-05,web,1,34.0,0.0,0,delivered
52131,10554,1004,2025-07-17,ios,1,79.0,0.0,0,delivered
52132,10555,1012,2026-05-25,android,1,15.0,0.0,0,delivered
52133,10555,1003,2025-08-18,android,1,59.0,0.0,0,delivered
52134,10555,1012,2026-01-23,web,2,15.0,0.0,0,delivered
52135,10555,1003,2025-11-11,web,1,59.0,0.0,0,delivered
52136,10555,1011,2025-05-15,web,1,24.0,0.0,0,cancelled
52137,10555,1007,2026-05-24,store,1,119.0,0.0,0,shipped
52138,10555,1006,2025-11-04,web,1,199.0,5.0,0,delivered
52139,10556,1005,2026-05-02,web,1,129.0,0.0,0,delivered
52140,10556,1003,2026-06-15,web,1,59.0,5.0,0,delivered
52141,10557,1008,2025-03-14,web,1,39.0,0.0,0,delivered
52142,10557,1002,2025-04-25,web,1,149.0,10.0,0,delivered
52143,10558,1011,2026-03-11,store,1,24.0,0.0,0,delivered
52144,10558,1010,2025-09-06,ios,1,29.0,0.0,0,delivered
52145,10558,1002,2025-10-12,store,1,149.0,0.0,0,delivered
52146,10558,1003,2025-10-11,web,1,59.0,0.0,0,delivered
52147,10558,1013,2025-07-10,web,1,34.0,0.0,0,delivered
52148,10559,1011,2026-06-14,store,1,24.0,5.0,0,delivered
52149,10559,1008,2026-06-20,ios,1,39.0,0.0,0,delivered
52150,10559,1003,2026-04-22,android,1,59.0,0.0,0,delivered
52151,10559,1007,2026-05-25,web,2,119.0,0.0,0,delivered
52152,10559,1011,2026-02-24,android,1,24.0,0.0,0,delivered
52153,10559,1013,2026-06-25,web,1,34.0,0.0,1,returned
52154,10560,1014,2025-12-09,ios,1,89.0,0.0,0,shipped
52155,10560,1010,2026-02-08,store,1,29.0,5.0,0,delivered
52156,10560,1013,2026-04-16,android,2,34.0,0.0,0,delivered
52157,10561,1012,2026-03-23,ios,1,15.0,0.0,0,cancelled
52158,10561,1009,2026-08-15,ios,1,69.0,5.0,0,delivered
52159,10562,1013,2025-10-24,web,3,34.0,0.0,0,delivered
52160,10563,1005,2026-03-02,ios,1,129.0,0.0,0,delivered
52161,10563,1015,2026-02-28,ios,1,49.0,0.0,0,delivered
52162,10563,1013,2026-06-20,web,1,34.0,0.0,0,cancelled
52163,10563,1005,2026-05-18,web,1,129.0,5.0,0,delivered
52164,10563,1006,2026-06-13,store,1,199.0,0.0,0,delivered
52165,10563,1008,2026-01-18,ios,1,39.0,0.0,0,delivered
52166,10564,1013,2026-08-09,android,1,34.0,0.0,0,delivered
52167,10564,1002,2025-11-14,store,1,149.0,0.0,1,returned
52168,10564,1008,2026-06-03,android,3,39.0,0.0,0,delivered
52169,10564,1007,2025-08-27,store,1,119.0,0.0,0,delivered
52170,10565,1006,2025-12-08,web,1,199.0,0.0,0,cancelled
52171,10565,1002,2025-05-21,ios,1,149.0,0.0,0,delivered
52172,10565,1002,2025-10-10,store,1,149.0,0.0,0,delivered
52173,10566,1005,2026-08-19,store,1,129.0,0.0,0,cancelled
52174,10566,1014,2026-07-31,store,1,89.0,0.0,0,delivered
52175,10566,1013,2025-12-15,web,1,34.0,0.0,0,delivered
52176,10566,1001,2026-03-08,ios,1,89.0,0.0,0,delivered
52177,10567,1001,2025-07-31,web,1,89.0,0.0,0,delivered
52178,10567,1008,2026-06-03,web,1,39.0,0.0,0,delivered
52179,10567,1005,2026-06-05,ios,2,129.0,0.0,0,delivered
52180,10567,1001,2025-07-04,web,2,89.0,0.0,0,cancelled
52181,10567,1012,2026-03-03,web,2,15.0,0.0,0,delivered
52182,10568,1004,2025-12-24,web,1,79.0,0.0,1,returned
52183,10569,1004,2025-12-05,web,1,79.0,0.0,0,delivered
52184,10569,1013,2026-08-04,store,1,34.0,0.0,0,delivered
52185,10570,1006,2025-05-14,web,1,199.0,10.0,0,delivered
52186,10570,1002,2026-07-11,ios,1,149.0,0.0,0,delivered
52187,10570,1002,2025-04-10,store,1,149.0,0.0,0,delivered
52188,10570,1015,2025-12-29,web,1,49.0,0.0,0,cancelled
52189,10570,1013,2026-02-06,web,1,34.0,0.0,0,delivered
52190,10570,1003,2025-12-09,web,1,59.0,10.0,0,delivered
52191,10570,1012,2025-09-01,web,1,15.0,0.0,1,returned
52192,10571,1012,2026-08-11,store,1,15.0,0.0,1,returned
52193,10571,1014,2026-05-22,android,1,89.0,0.0,0,shipped
52194,10572,1014,2026-01-08,android,1,89.0,0.0,0,delivered
52195,10572,1008,2025-11-06,ios,1,39.0,15.0,0,shipped
52196,10572,1014,2025-09-24,web,2,89.0,0.0,0,delivered
52197,10572,1013,2025-11-30,web,1,34.0,0.0,0,delivered
52198,10572,1011,2026-05-15,ios,1,24.0,10.0,0,delivered
52199,10572,1014,2026-06-10,ios,1,89.0,0.0,0,delivered
52200,10573,1008,2026-03-14,ios,1,39.0,0.0,0,delivered
52201,10573,1002,2025-07-26,web,1,149.0,0.0,0,shipped
52202,10574,1015,2026-07-19,store,2,49.0,0.0,0,delivered
52203,10574,1015,2026-08-02,store,1,49.0,0.0,0,delivered
52204,10574,1012,2025-12-27,android,1,15.0,0.0,0,delivered
52205,10574,1014,2025-08-04,ios,1,89.0,15.0,0,delivered
52206,10574,1011,2026-05-19,android,1,24.0,10.0,0,delivered
52207,10574,1014,2026-07-22,web,1,89.0,0.0,0,delivered
52208,10574,1011,2026-06-30,android,1,24.0,15.0,0,delivered
52209,10575,1006,2026-04-03,web,1,199.0,5.0,0,shipped
52210,10575,1004,2026-05-26,android,1,79.0,0.0,0,delivered
52211,10575,1012,2025-11-23,android,1,15.0,0.0,0,delivered
52212,10575,1014,2026-04-10,web,1,89.0,0.0,0,delivered
52213,10575,1006,2026-06-19,web,1,199.0,0.0,0,delivered
52214,10575,1015,2026-05-09,store,1,49.0,0.0,0,delivered
52215,10576,1010,2026-02-07,android,3,29.0,5.0,0,delivered
52216,10576,1012,2025-10-01,ios,1,15.0,0.0,0,delivered
52217,10577,1015,2026-02-05,web,1,49.0,0.0,0,delivered
52218,10578,1011,2026-05-13,android,1,24.0,5.0,0,delivered
52219,10578,1002,2026-05-07,store,1,149.0,0.0,0,delivered
52220,10578,1002,2026-05-29,store,1,149.0,0.0,0,delivered
52221,10579,1009,2025-10-15,android,1,69.0,0.0,0,delivered
52222,10579,1015,2026-02-09,web,1,49.0,0.0,0,cancelled
52223,10579,1005,2026-06-28,web,1,129.0,0.0,0,delivered
52224,10579,1002,2025-09-24,web,1,149.0,0.0,0,delivered
52225,10579,1005,2026-01-16,store,2,129.0,0.0,0,delivered
52226,10579,1014,2025-10-06,store,2,89.0,0.0,1,returned
52227,10580,1005,2026-03-09,web,1,129.0,0.0,0,delivered
52228,10580,1009,2026-02-17,android,1,69.0,0.0,1,returned
52229,10580,1005,2026-04-28,web,1,129.0,0.0,0,delivered
52230,10580,1009,2026-03-15,android,1,69.0,0.0,0,delivered
52231,10580,1004,2026-04-22,web,1,79.0,0.0,0,delivered
52232,10580,1010,2026-03-21,web,2,29.0,0.0,0,delivered
52233,10580,1007,2026-08-14,ios,1,119.0,0.0,0,cancelled
52234,10581,1012,2025-12-17,ios,1,15.0,0.0,0,delivered
52235,10581,1007,2026-01-31,ios,1,119.0,10.0,0,delivered
52236,10581,1011,2026-04-10,web,2,24.0,0.0,0,shipped
52237,10582,1008,2025-12-26,ios,2,39.0,0.0,0,delivered
52238,10582,1015,2025-12-04,android,1,49.0,0.0,0,delivered
52239,10582,1013,2025-12-04,web,1,34.0,0.0,1,returned
52240,10582,1006,2025-12-28,web,1,199.0,5.0,1,returned
52241,10583,1011,2025-10-05,web,1,24.0,0.0,0,delivered
52242,10583,1010,2025-12-17,store,1,29.0,0.0,0,delivered
52243,10583,1012,2026-02-17,web,1,15.0,0.0,0,delivered
52244,10583,1005,2026-08-07,web,1,129.0,0.0,0,shipped
52245,10583,1011,2025-12-12,web,1,24.0,5.0,0,delivered
52246,10584,1003,2026-01-22,ios,1,59.0,0.0,0,shipped
52247,10584,1007,2025-07-27,ios,1,119.0,0.0,0,delivered
52248,10584,1004,2026-02-05,android,1,79.0,10.0,0,delivered
52249,10584,1009,2025-07-14,ios,1,69.0,0.0,0,delivered
52250,10584,1011,2025-09-12,store,1,24.0,0.0,0,delivered
52251,10584,1004,2025-10-16,store,1,79.0,15.0,0,delivered
52252,10584,1015,2026-01-17,store,1,49.0,0.0,0,shipped
52253,10584,1011,2025-07-10,ios,1,24.0,0.0,0,delivered
52254,10585,1003,2026-03-17,ios,1,59.0,0.0,0,delivered
52255,10585,1007,2025-09-24,web,1,119.0,0.0,0,cancelled
52256,10585,1006,2025-08-12,web,1,199.0,0.0,1,returned
52257,10585,1008,2026-04-24,ios,1,39.0,0.0,0,delivered
52258,10585,1012,2025-07-02,web,1,15.0,0.0,0,delivered
52259,10585,1009,2026-03-25,store,1,69.0,0.0,0,delivered
52260,10586,1009,2026-05-28,ios,1,69.0,0.0,0,delivered
52261,10587,1004,2026-07-07,web,1,79.0,0.0,0,cancelled
52262,10587,1005,2025-07-25,ios,1,129.0,15.0,1,returned
52263,10587,1014,2025-09-13,android,1,89.0,0.0,0,delivered
52264,10587,1011,2025-11-20,store,2,24.0,0.0,0,delivered
52265,10588,1005,2026-06-20,web,1,129.0,0.0,0,delivered
52266,10588,1014,2026-01-02,android,1,89.0,0.0,0,delivered
52267,10588,1005,2026-02-18,store,1,129.0,0.0,1,returned
52268,10588,1003,2025-10-04,ios,1,59.0,10.0,0,delivered
52269,10588,1007,2026-07-31,ios,1,119.0,5.0,1,returned
52270,10588,1015,2026-01-04,web,1,49.0,5.0,0,delivered
52271,10589,1007,2026-07-09,web,1,119.0,0.0,1,returned
52272,10589,1004,2026-07-21,ios,1,79.0,0.0,0,delivered
52273,10589,1002,2026-06-07,android,1,149.0,10.0,0,delivered
52274,10589,1011,2025-07-09,store,1,24.0,0.0,0,delivered
52275,10589,1009,2026-03-19,android,1,69.0,0.0,0,delivered
52276,10590,1002,2025-07-10,web,1,149.0,0.0,0,delivered
52277,10590,1015,2026-03-08,android,1,49.0,0.0,0,delivered
52278,10590,1015,2026-02-05,web,1,49.0,0.0,1,returned
52279,10590,1011,2025-07-22,store,1,24.0,0.0,0,delivered
52280,10590,1001,2025-06-07,web,1,89.0,15.0,1,returned
52281,10590,1006,2025-12-30,ios,1,199.0,0.0,0,delivered
52282,10590,1007,2026-01-05,web,1,119.0,0.0,0,shipped
52283,10591,1014,2025-05-17,ios,2,89.0,0.0,0,delivered
52284,10592,1003,2025-09-08,web,1,59.0,0.0,0,delivered
52285,10592,1001,2025-09-20,ios,1,89.0,0.0,0,delivered
52286,10592,1005,2025-10-19,web,1,129.0,0.0,0,delivered
52287,10593,1011,2025-03-09,store,1,24.0,15.0,0,delivered
52288,10594,1002,2025-03-16,store,1,149.0,5.0,0,delivered
52289,10594,1004,2026-04-26,web,1,79.0,0.0,0,delivered
52290,10594,1004,2025-05-29,ios,1,79.0,5.0,0,delivered
52291,10595,1013,2026-02-15,web,1,34.0,0.0,1,returned
52292,10596,1015,2025-10-14,web,2,49.0,0.0,0,delivered
52293,10596,1002,2026-07-08,web,3,149.0,0.0,0,delivered
52294,10596,1014,2026-05-21,web,1,89.0,0.0,0,delivered
52295,10596,1001,2026-01-02,web,1,89.0,0.0,0,delivered
52296,10596,1007,2025-10-12,ios,1,119.0,0.0,1,returned
52297,10596,1003,2026-01-21,store,1,59.0,0.0,0,delivered
52298,10596,1006,2026-06-20,ios,3,199.0,0.0,0,shipped
52299,10597,1014,2025-04-26,web,1,89.0,15.0,1,returned
52300,10597,1004,2025-04-19,ios,1,79.0,0.0,0,delivered
52301,10597,1005,2025-05-04,web,1,129.0,0.0,0,delivered
52302,10597,1002,2025-12-05,web,3,149.0,0.0,0,cancelled
52303,10597,1008,2025-06-26,android,2,39.0,0.0,0,delivered
52304,10597,1015,2026-04-30,android,1,49.0,5.0,1,returned
52305,10597,1007,2025-04-18,android,1,119.0,10.0,0,delivered
52306,10597,1004,2025-11-14,web,3,79.0,0.0,0,delivered
52307,10598,1006,2026-01-22,web,1,199.0,0.0,0,delivered
52308,10598,1014,2026-03-27,web,1,89.0,0.0,0,delivered
52309,10598,1002,2025-10-05,store,1,149.0,10.0,0,delivered
52310,10598,1011,2025-02-17,web,2,24.0,0.0,0,delivered
52311,10599,1002,2025-04-28,ios,1,149.0,0.0,0,delivered
52312,10599,1008,2025-09-06,store,1,39.0,0.0,0,delivered
52313,10600,1009,2026-06-22,ios,1,69.0,0.0,0,delivered
52314,10600,1015,2025-07-08,android,1,49.0,15.0,0,delivered
52315,10601,1011,2026-03-29,store,1,24.0,0.0,0,delivered
52316,10601,1012,2025-09-06,android,2,15.0,0.0,0,delivered
52317,10601,1014,2026-02-14,web,1,89.0,0.0,1,returned
52318,10601,1012,2026-05-08,ios,2,15.0,0.0,0,delivered
52319,10601,1011,2025-12-03,web,1,24.0,0.0,0,delivered
52320,10601,1001,2026-08-12,web,1,89.0,0.0,0,cancelled
52321,10601,1008,2026-02-06,web,1,39.0,0.0,0,delivered
52322,10601,1001,2025-11-16,ios,1,89.0,0.0,0,delivered
52323,10602,1002,2025-11-29,android,1,149.0,0.0,0,cancelled
52324,10603,1009,2026-07-27,ios,1,69.0,0.0,0,delivered
52325,10603,1010,2026-01-21,ios,1,29.0,5.0,0,delivered
52326,10603,1007,2026-05-24,store,1,119.0,0.0,0,delivered
52327,10603,1012,2026-02-13,android,1,15.0,0.0,0,delivered
52328,10603,1012,2025-11-25,store,2,150.0,0.0,0,delivered
52329,10603,1012,2026-08-08,android,1,15.0,0.0,0,delivered
52330,10603,1011,2026-07-09,web,1,24.0,0.0,0,delivered
52331,10604,1005,2026-02-01,android,1,129.0,0.0,0,shipped
52332,10604,1007,2025-11-29,web,1,119.0,0.0,0,delivered
52333,10604,1014,2026-02-05,ios,1,89.0,0.0,0,shipped
52334,10604,1001,2026-07-10,web,1,89.0,0.0,0,delivered
52335,10605,1013,2026-02-11,store,1,34.0,10.0,1,returned
52336,10605,1005,2026-08-13,android,1,129.0,0.0,0,delivered
52337,10605,1008,2025-12-19,web,1,39.0,0.0,0,delivered
52338,10605,1009,2026-02-10,web,1,69.0,0.0,0,delivered
52339,10605,1001,2026-01-12,android,2,89.0,0.0,0,delivered
52340,10606,1011,2026-03-12,ios,1,24.0,10.0,0,delivered
52341,10606,1009,2026-07-05,ios,1,69.0,0.0,0,delivered
52342,10606,1005,2025-11-09,web,1,129.0,10.0,0,delivered
52343,10606,1014,2026-06-30,ios,1,89.0,0.0,1,returned
52344,10607,1014,2026-04-19,android,1,89.0,0.0,0,delivered
52345,10607,1009,2026-05-25,store,1,69.0,10.0,0,shipped
52346,10608,1002,2025-09-27,store,1,149.0,0.0,0,delivered
52347,10608,1013,2025-08-21,android,1,34.0,5.0,0,delivered
52348,10608,1007,2025-09-17,web,1,119.0,0.0,0,delivered
52349,10608,1014,2025-07-17,web,1,89.0,10.0,0,delivered
52350,10609,1002,2026-05-07,web,1,149.0,0.0,0,delivered
52351,10609,1015,2025-01-30,web,1,49.0,0.0,0,delivered
52352,10609,1003,2026-07-13,store,1,59.0,0.0,0,delivered
52353,10610,1010,2026-01-24,web,1,29.0,5.0,0,shipped
52354,10610,1011,2025-11-18,web,2,24.0,0.0,1,returned
52355,10610,1011,2026-08-14,web,1,24.0,0.0,0,delivered
52356,10610,1003,2025-12-27,web,1,59.0,0.0,0,delivered
52357,10611,1014,2026-06-06,web,1,89.0,0.0,0,delivered
52358,10611,1011,2025-10-06,ios,1,24.0,0.0,0,delivered
52359,10611,1010,2025-02-15,web,1,29.0,10.0,0,shipped
52360,10611,1010,2025-04-04,web,2,29.0,5.0,0,delivered
52361,10612,1015,2025-08-30,web,1,49.0,0.0,0,delivered
52362,10612,1013,2025-03-22,ios,1,34.0,10.0,0,delivered
52363,10613,1010,2025-07-03,web,1,29.0,0.0,0,delivered
52364,10613,1010,2025-08-17,web,1,29.0,0.0,0,delivered
52365,10613,1004,2026-03-22,store,1,79.0,5.0,0,delivered
52366,10614,1001,2026-05-01,ios,1,89.0,10.0,0,delivered
52367,10615,1003,2025-09-20,web,1,59.0,0.0,0,delivered
52368,10615,1015,2026-06-04,store,1,49.0,15.0,0,delivered
52369,10615,1003,2026-03-11,android,1,59.0,0.0,0,delivered
52370,10616,1002,2026-05-27,store,1,149.0,0.0,1,returned
52371,10616,1007,2026-02-27,web,1,119.0,0.0,0,delivered
52372,10616,1012,2025-07-16,web,1,15.0,10.0,0,delivered
52373,10616,1014,2026-02-21,web,3,89.0,0.0,0,delivered
52374,10616,1010,2026-02-27,web,2,29.0,5.0,0,shipped
52375,10616,1001,2026-07-02,store,1,89.0,5.0,0,delivered
52376,10616,1013,2026-08-10,android,1,34.0,0.0,0,delivered
52377,10616,1001,2026-08-17,android,1,89.0,0.0,0,delivered
52378,10616,1005,2026-08-19,web,1,129.0,0.0,0,cancelled
52379,10617,1007,2025-02-24,android,1,119.0,10.0,0,delivered
52380,10617,1008,2025-09-19,web,1,39.0,0.0,0,delivered
52381,10618,1011,2026-08-01,android,1,24.0,0.0,0,delivered
52382,10618,1007,2025-10-07,web,1,119.0,0.0,0,delivered
52383,10618,1007,2025-12-16,android,1,119.0,0.0,0,shipped
52384,10618,1002,2026-05-16,ios,1,149.0,0.0,0,delivered
52385,10618,1014,2026-03-30,ios,1,89.0,0.0,1,returned
52386,10618,1003,2026-01-21,store,1,59.0,0.0,0,delivered
52387,10618,1011,2025-11-12,android,1,24.0,0.0,0,delivered
52388,10619,1001,2025-12-26,web,2,89.0,0.0,0,delivered
52389,10619,1006,2026-07-20,android,1,199.0,0.0,0,delivered
52390,10619,1001,2026-06-08,android,1,89.0,0.0,0,delivered
52391,10619,1006,2026-04-24,android,1,199.0,0.0,0,delivered
52392,10619,1001,2025-12-15,ios,1,89.0,0.0,0,delivered
52393,10619,1004,2026-04-08,android,1,79.0,10.0,0,shipped
52394,10619,1012,2026-05-04,android,1,15.0,0.0,0,delivered
52395,10620,1010,2026-08-25,web,1,29.0,0.0,0,delivered
52396,10620,1004,2026-08-05,web,1,79.0,0.0,0,delivered
52397,10620,1007,2026-08-15,web,1,119.0,5.0,0,delivered
52398,10620,1007,2026-07-06,android,1,119.0,0.0,0,delivered
52399,10620,1012,2026-04-16,web,1,15.0,10.0,0,delivered
52400,10620,1003,2026-05-16,web,1,59.0,0.0,1,returned
52401,10620,1003,2026-02-09,ios,2,59.0,0.0,0,delivered
52402,10621,1012,2026-03-28,web,1,15.0,0.0,0,shipped
52403,10621,1014,2025-11-02,ios,1,89.0,10.0,0,shipped
52404,10622,1008,2026-06-07,ios,3,39.0,0.0,0,delivered
52405,10622,1014,2026-05-20,web,1,89.0,0.0,1,returned
52406,10622,1003,2026-05-17,web,1,59.0,0.0,0,shipped
52407,10622,1008,2025-08-25,android,1,39.0,0.0,0,delivered
52408,10622,1012,2025-10-17,web,1,15.0,0.0,0,delivered
52409,10622,1011,2026-01-11,web,1,24.0,5.0,0,delivered
52410,10622,1009,2025-12-26,store,1,69.0,0.0,0,delivered
52411,10623,1007,2026-02-18,store,1,119.0,0.0,0,delivered
52412,10623,1015,2025-10-09,web,1,49.0,5.0,0,cancelled
52413,10623,1015,2026-08-25,web,1,49.0,0.0,0,cancelled
52414,10623,1012,2026-03-04,ios,1,15.0,0.0,0,delivered
52415,10623,1011,2026-05-23,web,1,24.0,15.0,1,returned
52416,10623,1008,2026-07-24,ios,1,39.0,5.0,0,delivered
52417,10623,1004,2025-11-02,ios,1,79.0,0.0,0,delivered
52418,10624,1005,2026-05-16,ios,1,129.0,10.0,0,delivered
52419,10624,1008,2026-08-14,store,1,39.0,10.0,0,delivered
52420,10625,1015,2025-08-07,web,1,49.0,0.0,1,returned
52421,10625,1009,2025-07-14,web,1,69.0,0.0,0,shipped
52422,10625,1011,2025-04-18,web,1,24.0,0.0,0,shipped
52423,10626,1012,2025-08-01,store,1,15.0,0.0,0,delivered
52424,10627,1013,2026-02-28,web,1,34.0,0.0,0,cancelled
52425,10627,1014,2026-02-19,store,1,89.0,0.0,0,delivered
52426,10627,1014,2026-07-23,web,1,89.0,10.0,0,delivered
52427,10627,1003,2026-06-17,ios,1,59.0,0.0,0,delivered
52428,10627,1004,2025-11-05,android,1,79.0,0.0,0,cancelled
52429,10628,1012,2026-02-14,android,1,15.0,0.0,0,cancelled
52430,10628,1007,2026-03-08,store,1,119.0,0.0,0,delivered
52431,10628,1004,2026-08-20,web,1,79.0,0.0,0,delivered
52432,10629,1015,2026-07-24,ios,2,49.0,0.0,1,returned
52433,10629,1011,2025-07-08,store,2,24.0,0.0,0,delivered
52434,10629,1007,2025-04-16,web,1,119.0,0.0,1,returned
52435,10629,1005,2025-12-12,ios,1,129.0,0.0,0,delivered
52436,10629,1013,2026-03-31,web,1,34.0,0.0,0,delivered
52437,10629,1009,2026-08-06,store,1,69.0,0.0,0,shipped
52438,10630,1014,2025-12-31,web,1,89.0,5.0,1,returned
52439,10630,1003,2026-04-28,web,1,59.0,0.0,0,delivered
52440,10630,1009,2026-03-20,web,1,69.0,0.0,0,delivered
52441,10630,1013,2026-01-19,web,1,34.0,0.0,0,delivered
52442,10630,1015,2025-11-16,web,1,49.0,0.0,0,delivered
52443,10631,1007,2026-04-30,web,1,119.0,0.0,0,delivered
52444,10631,1007,2026-06-11,store,1,119.0,0.0,0,delivered
52445,10631,1012,2026-05-30,store,1,15.0,0.0,0,delivered
52446,10631,1005,2026-02-19,web,2,129.0,0.0,0,delivered
52447,10631,1015,2026-02-01,web,1,49.0,0.0,0,delivered
52448,10632,1001,2026-03-22,web,2,89.0,10.0,0,delivered
52449,10632,1010,2026-03-27,android,1,29.0,5.0,1,returned
52450,10632,1006,2026-04-21,ios,1,199.0,0.0,0,delivered
52451,10632,1008,2026-01-04,android,1,39.0,0.0,1,returned
52452,10632,1003,2026-03-06,android,3,59.0,0.0,0,delivered
52453,10632,1006,2026-08-06,ios,1,199.0,0.0,0,delivered
52454,10632,1003,2026-01-26,web,1,59.0,0.0,0,delivered
52455,10633,1009,2026-04-25,ios,1,69.0,0.0,0,cancelled
52456,10634,1005,2026-03-06,store,1,129.0,0.0,0,delivered
52457,10634,1005,2026-08-03,web,1,129.0,10.0,0,delivered
52458,10634,1015,2026-01-03,web,1,49.0,0.0,0,delivered
52459,10635,1002,2026-04-30,ios,1,149.0,0.0,0,delivered
52460,10636,1010,2026-06-14,web,1,29.0,0.0,0,delivered
52461,10636,1001,2026-05-21,android,1,89.0,0.0,1,returned
52462,10637,1009,2026-01-30,store,1,69.0,0.0,0,delivered
52463,10637,1001,2025-09-22,web,1,89.0,0.0,0,delivered
52464,10637,1008,2026-08-28,web,1,39.0,0.0,1,returned
52465,10637,1010,2025-07-20,ios,1,29.0,5.0,0,cancelled
52466,10637,1009,2026-07-22,web,1,69.0,0.0,0,delivered
52467,10638,1012,2026-03-15,web,1,15.0,10.0,0,delivered
52468,10638,1007,2025-12-09,ios,1,119.0,5.0,0,cancelled
52469,10639,1015,2026-08-09,web,1,49.0,0.0,1,returned
52470,10639,1010,2026-05-07,web,1,29.0,0.0,0,delivered
52471,10639,1003,2026-06-08,store,1,59.0,0.0,0,delivered
52472,10640,1011,2025-03-12,web,3,24.0,0.0,0,delivered
52473,10641,1006,2026-07-25,web,1,199.0,0.0,0,delivered
52474,10641,1013,2026-03-10,store,1,34.0,0.0,0,delivered
52475,10641,1012,2026-07-22,web,1,15.0,0.0,0,delivered
52476,10642,1002,2026-03-20,web,1,149.0,10.0,1,returned
52477,10642,1001,2026-01-22,web,1,89.0,0.0,0,delivered
52478,10642,1005,2026-03-20,web,1,129.0,5.0,0,cancelled
52479,10642,1012,2026-08-05,web,1,15.0,0.0,0,delivered
52480,10642,1001,2025-12-15,web,1,89.0,5.0,0,delivered
52481,10643,1003,2026-06-07,store,1,59.0,5.0,0,delivered
52482,10644,1011,2025-07-07,web,1,24.0,0.0,0,delivered
52483,10644,1009,2025-06-08,web,1,69.0,0.0,0,cancelled
52484,10644,1003,2025-06-05,ios,1,59.0,0.0,0,shipped
52485,10644,1014,2026-07-18,web,1,89.0,0.0,0,delivered
52486,10644,1009,2025-06-04,web,1,69.0,0.0,0,delivered
52487,10644,1014,2025-11-23,store,1,89.0,10.0,0,delivered
52488,10644,1008,2026-03-09,store,1,39.0,0.0,0,delivered
52489,10645,1005,2025-02-20,android,1,129.0,10.0,0,delivered
52490,10645,1014,2026-01-23,web,1,89.0,5.0,0,delivered
52491,10645,1014,2025-06-17,ios,1,89.0,0.0,0,delivered
52492,10645,1013,2025-08-29,ios,1,34.0,5.0,0,delivered
52493,10645,1006,2025-01-31,ios,1,199.0,10.0,0,delivered
52494,10645,1002,2025-02-03,web,1,149.0,0.0,0,delivered
52495,10645,1002,2026-03-19,android,1,149.0,0.0,0,delivered
52496,10646,1012,2026-06-30,android,1,15.0,0.0,0,delivered
52497,10646,1010,2026-08-25,ios,1,29.0,0.0,0,delivered
52498,10646,1006,2025-10-07,web,1,199.0,0.0,0,delivered
52499,10646,1009,2026-05-28,ios,1,69.0,0.0,0,delivered
52500,10646,1008,2026-06-03,web,1,39.0,0.0,0,delivered
52501,10646,1010,2026-07-14,web,1,29.0,0.0,0,delivered
52502,10647,1012,2025-11-21,store,1,15.0,0.0,0,delivered
52503,10647,1007,2026-01-14,ios,1,119.0,0.0,0,delivered
52504,10647,1003,2025-10-19,web,1,59.0,15.0,1,returned
52505,10647,1011,2026-03-29,ios,1,24.0,0.0,0,delivered
52506,10647,1015,2026-07-28,android,1,49.0,0.0,0,delivered
52507,10647,1004,2026-06-18,ios,1,79.0,0.0,0,delivered
52508,10648,1004,2026-02-24,ios,2,79.0,5.0,0,delivered
52509,10648,1015,2026-02-07,web,1,49.0,0.0,0,delivered
52510,10648,1008,2026-04-10,web,1,39.0,0.0,0,delivered
52511,10649,1003,2025-05-24,web,1,59.0,0.0,0,delivered
52512,10650,1001,2026-01-26,web,1,89.0,15.0,1,returned
52513,10650,1003,2026-05-13,store,1,59.0,15.0,0,delivered
52514,10650,1004,2025-08-05,android,1,79.0,0.0,0,delivered
52515,10650,1007,2025-09-13,android,1,119.0,0.0,0,delivered
52516,10651,1013,2026-05-22,web,3,34.0,0.0,1,returned
52517,10651,1010,2026-06-26,android,1,29.0,0.0,0,delivered
52518,10652,1005,2026-06-28,web,1,129.0,0.0,0,delivered
52519,10652,1009,2025-06-29,store,1,69.0,0.0,0,delivered
52520,10652,1009,2026-05-15,web,1,69.0,0.0,1,returned
52521,10652,1003,2026-05-02,store,1,59.0,0.0,0,delivered
52522,10652,1009,2026-05-17,web,1,69.0,0.0,0,delivered
52523,10652,1004,2026-01-19,web,3,79.0,0.0,0,delivered
52524,10652,1010,2025-09-12,store,1,29.0,0.0,0,delivered
52525,10653,1012,2025-10-07,web,2,15.0,0.0,0,delivered
52526,10653,1012,2025-12-08,web,2,15.0,0.0,0,delivered
52527,10653,1010,2026-03-03,web,1,29.0,0.0,0,delivered
52528,10653,1011,2025-11-10,web,1,24.0,0.0,0,delivered
52529,10653,1011,2025-11-23,android,1,24.0,0.0,0,delivered
52530,10654,1002,2026-08-06,ios,1,149.0,15.0,0,delivered
52531,10654,1012,2026-05-17,web,1,15.0,0.0,0,cancelled
52532,10654,1009,2026-08-23,ios,1,69.0,0.0,0,delivered
52533,10654,1003,2025-09-11,web,1,59.0,0.0,0,delivered
52534,10654,1012,2025-09-18,web,1,15.0,0.0,0,delivered
52535,10654,1010,2025-10-15,web,1,29.0,10.0,0,delivered
52536,10655,1011,2026-01-25,web,1,24.0,0.0,0,delivered
52537,10655,1007,2026-07-09,android,1,119.0,0.0,0,delivered
52538,10655,1013,2026-03-29,web,1,34.0,0.0,0,delivered
52539,10655,1001,2026-01-15,ios,1,890.0,0.0,1,returned
52540,10655,1014,2026-07-15,web,1,89.0,5.0,0,delivered
52541,10655,1004,2026-04-23,web,2,79.0,0.0,0,delivered
52542,10656,1001,2026-06-23,ios,1,89.0,0.0,0,delivered
52543,10656,1009,2026-01-08,web,1,69.0,0.0,0,delivered
52544,10656,1008,2025-06-12,store,1,39.0,5.0,0,shipped
52545,10656,1010,2026-07-11,web,2,29.0,0.0,0,delivered
52546,10656,1007,2026-07-16,store,1,119.0,0.0,0,delivered
52547,10656,1014,2026-02-11,web,1,89.0,0.0,0,delivered
52548,10656,1008,2025-06-05,web,1,39.0,0.0,0,delivered
52549,10657,1006,2025-06-20,web,1,199.0,0.0,0,delivered
52550,10657,1008,2025-05-14,ios,1,39.0,0.0,0,delivered
52551,10657,1004,2026-03-26,store,1,79.0,0.0,1,returned
52552,10657,1009,2025-11-14,ios,1,69.0,0.0,0,delivered
52553,10657,1011,2025-07-11,android,2,24.0,0.0,0,delivered
52554,10658,1013,2025-05-31,web,1,34.0,0.0,1,returned
52555,10658,1004,2025-05-24,ios,1,79.0,0.0,0,delivered
52556,10658,1011,2025-12-14,ios,1,24.0,0.0,0,delivered
52557,10658,1014,2026-08-11,ios,1,89.0,0.0,0,delivered
52558,10658,1006,2025-11-06,ios,1,199.0,0.0,0,delivered
52559,10659,1009,2026-04-18,web,1,69.0,5.0,0,delivered
52560,10659,1006,2026-03-17,ios,1,199.0,0.0,0,delivered
52561,10659,1011,2026-03-01,ios,1,24.0,0.0,0,delivered
52562,10660,1011,2026-05-21,android,1,24.0,0.0,0,delivered
52563,10660,1004,2026-04-27,store,1,79.0,0.0,0,shipped
52564,10661,1009,2025-06-17,ios,1,69.0,0.0,0,delivered
52565,10662,1008,2026-02-21,web,1,39.0,0.0,0,delivered
52566,10662,1009,2026-05-25,store,1,69.0,0.0,0,delivered
52567,10662,1007,2026-07-16,ios,1,119.0,0.0,0,delivered
52568,10662,1011,2026-05-07,web,1,24.0,0.0,0,delivered
52569,10662,1002,2026-07-05,web,1,149.0,15.0,0,delivered
52570,10662,1005,2026-05-09,web,1,129.0,0.0,0,delivered
52571,10662,1012,2026-06-05,web,1,15.0,0.0,0,delivered
52572,10663,1010,2025-11-24,android,1,29.0,0.0,0,delivered
52573,10663,1011,2025-12-22,web,1,24.0,0.0,0,delivered
52574,10663,1015,2025-11-16,ios,1,49.0,0.0,1,returned
52575,10664,1004,2026-05-16,web,1,79.0,5.0,0,delivered
52576,10664,1013,2026-02-13,android,1,34.0,0.0,0,delivered
52577,10664,1001,2026-06-07,store,1,89.0,0.0,0,delivered
52578,10664,1013,2026-06-22,ios,1,34.0,0.0,0,delivered
52579,10665,1006,2026-05-24,ios,1,199.0,0.0,0,delivered
52580,10665,1006,2025-06-26,ios,1,199.0,0.0,0,delivered
52581,10665,1002,2026-02-12,ios,1,149.0,0.0,0,delivered
52582,10665,1007,2026-03-24,ios,1,119.0,5.0,0,delivered
52583,10665,1005,2025-08-31,android,1,129.0,0.0,0,delivered
52584,10665,1005,2025-09-09,web,1,129.0,0.0,0,delivered
52585,10665,1004,2025-06-14,web,1,79.0,0.0,1,returned
52586,10666,1014,2026-07-12,android,1,89.0,0.0,1,returned
52587,10667,1012,2026-08-12,web,1,15.0,0.0,0,delivered
52588,10667,1010,2026-07-30,ios,1,29.0,0.0,0,delivered
52589,10667,1006,2026-03-18,android,1,199.0,0.0,0,delivered
52590,10667,1003,2026-02-08,web,2,59.0,0.0,0,shipped
52591,10667,1014,2026-04-22,android,1,89.0,0.0,0,delivered
52592,10667,1014,2026-03-28,ios,1,89.0,0.0,0,delivered
52593,10667,1008,2026-02-23,web,1,39.0,0.0,0,delivered
52594,10667,1013,2026-01-04,web,1,34.0,5.0,1,returned
52595,10667,1010,2026-03-30,android,2,29.0,0.0,0,delivered
52596,10667,1005,2026-08-01,web,2,129.0,5.0,0,delivered
52597,10668,1011,2026-01-27,web,1,24.0,0.0,0,delivered
52598,10668,1006,2025-11-05,web,1,199.0,0.0,0,delivered
52599,10669,1001,2026-06-19,web,1,89.0,10.0,0,delivered
52600,10669,1006,2026-02-25,ios,1,199.0,15.0,0,delivered
52601,10669,1015,2025-12-27,ios,1,49.0,0.0,1,returned
52602,10669,1004,2026-04-30,web,1,79.0,0.0,0,delivered
52603,10669,1003,2026-01-28,android,1,59.0,0.0,0,delivered
52604,10669,1011,2026-06-22,web,1,24.0,15.0,0,delivered
52605,10669,1004,2025-12-31,web,1,79.0,10.0,1,returned
52606,10670,1015,2026-06-14,android,1,49.0,0.0,0,delivered
52607,10670,1015,2025-06-30,ios,1,49.0,0.0,1,returned
52608,10670,1015,2025-12-01,ios,1,49.0,0.0,0,delivered
52609,10670,1015,2025-04-20,ios,1,49.0,0.0,0,delivered
52610,10670,1012,2026-01-18,ios,1,15.0,0.0,0,delivered
52611,10670,1012,2025-04-18,ios,1,15.0,0.0,0,delivered
52612,10671,1007,2026-03-03,web,1,119.0,0.0,0,cancelled
52613,10671,1001,2026-01-31,store,2,89.0,0.0,0,delivered
52614,10671,1014,2025-11-26,web,1,89.0,0.0,1,returned
52615,10671,1010,2026-01-31,ios,1,29.0,0.0,0,delivered
52616,10672,1010,2025-07-30,ios,1,29.0,0.0,0,delivered
52617,10673,1007,2026-04-14,web,1,119.0,0.0,0,delivered
52618,10673,1009,2025-09-27,web,1,69.0,0.0,0,delivered
52619,10673,1006,2026-08-12,web,1,199.0,0.0,0,delivered
52620,10673,1009,2025-10-05,web,1,69.0,0.0,0,delivered
52621,10674,1008,2025-12-05,ios,1,39.0,0.0,0,delivered
52622,10674,1010,2025-07-25,web,1,29.0,0.0,0,delivered
52623,10674,1007,2026-08-19,android,1,119.0,0.0,1,returned
52624,10674,1011,2026-02-26,ios,1,24.0,0.0,0,cancelled
52625,10675,1013,2025-11-18,web,1,34.0,0.0,0,delivered
52626,10675,1010,2025-07-27,android,1,29.0,15.0,1,returned
52627,10675,1005,2026-02-17,ios,1,129.0,0.0,0,delivered
52628,10675,1010,2026-05-20,web,1,29.0,0.0,0,delivered
52629,10676,1011,2025-07-19,store,1,24.0,0.0,1,returned
52630,10676,1010,2025-10-13,web,2,29.0,5.0,0,delivered
52631,10676,1009,2025-09-28,android,1,69.0,0.0,0,delivered
52632,10676,1009,2025-10-18,store,1,69.0,5.0,0,delivered
52633,10677,1011,2025-08-10,ios,1,24.0,5.0,0,delivered
52634,10677,1010,2025-05-17,web,1,29.0,0.0,0,shipped
52635,10677,1011,2026-07-13,web,1,24.0,0.0,1,returned
52636,10677,1006,2025-08-29,web,1,199.0,0.0,0,delivered
52637,10677,1003,2025-04-07,web,1,59.0,0.0,0,delivered
52638,10678,1013,2026-07-06,store,1,34.0,0.0,0,delivered
52639,10678,1011,2026-05-14,web,1,24.0,0.0,0,delivered
52640,10678,1008,2025-06-15,ios,1,39.0,0.0,0,delivered
52641,10678,1013,2026-05-10,ios,1,34.0,0.0,0,delivered
52642,10678,1013,2025-05-15,android,1,34.0,0.0,0,delivered
52643,10678,1010,2025-10-12,store,1,29.0,0.0,0,delivered
52644,10678,1003,2025-07-04,ios,1,59.0,5.0,1,returned
52645,10679,1009,2026-01-05,ios,1,69.0,0.0,0,delivered
52646,10679,1006,2026-03-23,android,1,199.0,5.0,0,delivered
52647,10679,1011,2025-06-08,web,1,24.0,0.0,0,delivered
52648,10679,1005,2025-12-10,store,1,129.0,0.0,0,delivered
52649,10679,1006,2026-01-10,ios,1,199.0,0.0,1,returned
52650,10679,1001,2026-03-09,web,1,89.0,0.0,0,delivered
52651,10679,1010,2025-05-15,android,1,29.0,0.0,0,delivered
52652,10680,1011,2025-09-29,web,1,24.0,5.0,0,delivered
52653,10681,1012,2025-09-12,web,1,15.0,0.0,0,delivered
52654,10681,1015,2026-08-02,android,1,49.0,0.0,0,delivered
52655,10681,1013,2025-10-08,android,1,34.0,0.0,0,delivered
52656,10682,1011,2025-11-17,web,1,24.0,0.0,0,delivered
52657,10682,1008,2025-08-17,android,1,39.0,0.0,0,delivered
52658,10682,1012,2026-06-29,web,1,15.0,15.0,0,delivered
52659,10682,1015,2025-05-30,web,1,49.0,5.0,1,returned
52660,10682,1014,2025-10-04,web,1,89.0,0.0,0,delivered
52661,10683,1009,2026-01-31,web,1,69.0,0.0,0,cancelled
52662,10683,1011,2026-04-11,android,1,24.0,0.0,0,delivered
52663,10683,1002,2026-04-17,web,1,149.0,0.0,0,delivered
52664,10683,1012,2026-02-20,ios,1,15.0,5.0,0,cancelled
52665,10683,1010,2026-02-18,store,1,29.0,0.0,0,delivered
52666,10683,1003,2026-03-14,ios,2,59.0,0.0,0,delivered
52667,10684,1007,2025-03-15,web,1,119.0,0.0,0,shipped
52668,10684,1013,2025-05-10,store,1,34.0,0.0,1,returned
52669,10684,1014,2026-02-03,android,1,89.0,0.0,0,delivered
52670,10684,1010,2025-08-17,store,1,29.0,0.0,0,shipped
52671,10684,1013,2025-08-24,web,1,34.0,0.0,0,delivered
52672,10684,1005,2025-07-07,ios,1,129.0,0.0,0,delivered
52673,10685,1010,2026-02-27,ios,2,29.0,0.0,0,delivered
52674,10685,1006,2026-07-04,ios,1,199.0,10.0,0,delivered
52675,10685,1012,2026-04-01,store,1,15.0,0.0,0,delivered
52676,10686,1002,2025-05-10,web,1,149.0,10.0,0,shipped
52677,10686,1013,2025-11-17,android,3,34.0,10.0,0,delivered
52678,10686,1001,2026-02-21,android,1,89.0,0.0,0,delivered
52679,10687,1004,2026-03-01,store,3,79.0,10.0,0,delivered
52680,10687,1011,2026-03-02,web,2,24.0,0.0,0,shipped
52681,10687,1005,2026-03-01,web,1,129.0,0.0,0,cancelled
52682,10688,1014,2026-07-13,web,3,89.0,0.0,0,delivered
52683,10688,1009,2026-02-10,web,1,69.0,0.0,0,delivered
52684,10688,1008,2025-12-21,web,2,39.0,0.0,0,shipped
52685,10688,1008,2026-02-26,web,2,39.0,10.0,0,delivered
52686,10688,1002,2025-12-14,web,1,149.0,0.0,0,delivered
52687,10689,1009,2025-08-25,ios,1,69.0,0.0,0,delivered
52688,10689,1015,2026-05-19,web,1,49.0,0.0,0,delivered
52689,10689,1004,2026-01-07,web,1,79.0,0.0,1,returned
52690,10690,1009,2026-03-03,android,1,69.0,0.0,0,delivered
52691,10691,1002,2026-03-26,web,1,149.0,0.0,0,delivered
52692,10691,1011,2025-02-24,web,2,24.0,0.0,0,delivered
52693,10691,1013,2026-08-04,web,1,34.0,5.0,0,delivered
52694,10692,1012,2025-06-10,web,1,15.0,15.0,0,delivered
52695,10692,1002,2025-07-11,android,1,149.0,0.0,0,delivered
52696,10692,1011,2025-06-27,web,1,24.0,5.0,0,delivered
52697,10692,1012,2025-08-13,store,3,15.0,0.0,0,delivered
52698,10692,1004,2025-07-10,web,1,79.0,0.0,0,delivered
52699,10692,1001,2025-06-07,android,1,89.0,0.0,0,delivered
52700,10693,1009,2026-05-22,store,1,69.0,10.0,0,delivered
52701,10693,1011,2026-08-04,web,3,24.0,0.0,0,delivered
52702,10693,1015,2026-04-22,web,1,49.0,0.0,1,returned
52703,10693,1009,2026-01-20,android,1,69.0,5.0,0,delivered
52704,10693,1012,2026-06-15,web,1,15.0,0.0,0,delivered
52705,10693,1002,2026-06-19,store,1,149.0,10.0,0,delivered
52706,10693,1012,2026-08-23,ios,1,15.0,0.0,0,delivered
52707,10694,1012,2025-10-16,web,1,15.0,0.0,0,delivered
52708,10694,1001,2025-10-24,android,1,89.0,5.0,0,delivered
52709,10694,1002,2025-07-12,ios,1,149.0,0.0,0,delivered
52710,10694,1001,2025-06-08,android,1,89.0,0.0,0,delivered
52711,10695,1004,2026-05-26,web,1,79.0,0.0,0,delivered
52712,10695,1014,2026-04-09,web,3,89.0,5.0,0,delivered
52713,10695,1001,2026-05-04,web,1,89.0,0.0,0,delivered
52714,10695,1005,2026-07-13,android,1,129.0,0.0,0,delivered
52715,10696,1013,2026-02-27,web,1,34.0,5.0,0,delivered
52716,10696,1004,2026-03-23,web,1,79.0,0.0,0,delivered
52717,10696,1002,2025-12-09,android,1,149.0,0.0,0,delivered
52718,10696,1005,2026-04-26,web,1,129.0,0.0,0,delivered
52719,10696,1011,2026-07-14,ios,1,24.0,5.0,0,delivered
52720,10696,1008,2026-04-28,store,1,39.0,0.0,0,delivered
52721,10697,1005,2026-05-31,ios,1,129.0,0.0,0,delivered
52722,10697,1005,2026-08-18,web,1,129.0,0.0,0,delivered
52723,10697,1004,2026-01-29,web,1,79.0,5.0,0,delivered
52724,10697,1008,2026-01-28,android,1,39.0,0.0,1,returned
52725,10697,1001,2026-04-29,web,1,89.0,0.0,0,delivered
52726,10697,1010,2026-05-05,web,1,29.0,0.0,0,delivered
52727,10698,1015,2026-08-07,web,1,49.0,0.0,0,delivered
52728,10698,1005,2025-11-27,web,1,129.0,0.0,0,delivered
52729,10698,1007,2025-12-29,web,1,119.0,0.0,0,delivered
52730,10698,1013,2025-10-22,web,1,34.0,5.0,0,delivered
52731,10699,1004,2026-07-07,ios,1,79.0,0.0,0,delivered
52732,10699,1008,2026-06-21,store,1,39.0,5.0,0,delivered
52733,10699,1009,2025-11-22,ios,1,69.0,0.0,0,delivered
52734,10699,1015,2025-12-29,ios,1,49.0,5.0,0,delivered
52735,10700,1009,2026-07-24,ios,1,69.0,0.0,0,delivered
52736,10700,1002,2025-08-17,web,1,149.0,0.0,0,delivered
52737,10700,1009,2026-05-03,web,1,69.0,10.0,0,delivered
52738,10700,1013,2025-07-31,ios,1,34.0,0.0,1,returned
52739,10701,1015,2025-07-16,android,1,49.0,0.0,0,delivered
52740,10702,1010,2026-02-24,android,1,29.0,0.0,0,delivered
52741,10702,1003,2025-08-10,store,1,59.0,15.0,0,delivered
52742,10702,1009,2025-10-11,web,1,69.0,0.0,0,delivered
52743,10702,1015,2025-07-09,android,1,49.0,0.0,1,returned
52744,10702,1014,2025-07-19,web,1,89.0,0.0,0,delivered
52745,10702,1004,2025-06-23,android,1,79.0,0.0,0,delivered
52746,10702,1004,2025-12-17,store,1,79.0,0.0,0,delivered
52747,10703,1010,2025-09-18,web,1,29.0,0.0,0,delivered
52748,10703,1011,2025-09-19,store,1,24.0,0.0,0,delivered
52749,10703,1013,2025-09-10,ios,1,34.0,5.0,0,cancelled
52750,10703,1001,2025-09-18,web,2,890.0,0.0,0,shipped
52751,10703,1010,2025-09-02,android,1,29.0,10.0,0,cancelled
52752,10703,1008,2025-08-31,android,1,39.0,5.0,0,delivered
52753,10703,1003,2025-09-28,web,1,59.0,0.0,0,delivered
52754,10704,1008,2026-01-16,web,1,39.0,0.0,0,delivered
52755,10704,1014,2025-12-02,store,1,89.0,0.0,0,delivered
52756,10704,1013,2025-10-20,android,2,34.0,10.0,0,delivered
52757,10704,1008,2025-10-20,android,1,39.0,10.0,0,delivered
52758,10704,1012,2026-01-03,web,1,15.0,0.0,0,delivered
52759,10704,1004,2025-11-23,ios,1,79.0,0.0,0,delivered
52760,10704,1009,2025-11-20,web,1,69.0,5.0,0,delivered
52761,10704,1011,2026-07-02,web,1,24.0,10.0,0,delivered
52762,10704,1006,2025-09-06,web,1,199.0,0.0,0,delivered
52763,10704,1007,2026-07-10,store,1,119.0,0.0,0,delivered
52764,10705,1015,2026-02-26,web,1,49.0,0.0,1,returned
52765,10705,1004,2026-07-06,store,1,79.0,10.0,0,delivered
52766,10706,1010,2026-03-18,web,1,29.0,0.0,0,delivered
52767,10706,1009,2026-07-20,android,1,69.0,10.0,0,delivered
52768,10706,1010,2026-05-09,ios,1,29.0,5.0,0,delivered
52769,10706,1009,2026-04-16,store,1,69.0,0.0,0,delivered
52770,10706,1003,2026-02-05,web,1,59.0,0.0,0,delivered
52771,10707,1003,2026-01-28,web,1,59.0,0.0,1,returned
52772,10707,1015,2025-10-28,android,1,49.0,0.0,0,delivered
52773,10708,1006,2026-03-07,ios,1,199.0,0.0,0,delivered
52774,10708,1005,2026-02-04,web,1,129.0,0.0,0,delivered
52775,10708,1007,2026-05-06,web,1,119.0,0.0,0,delivered
52776,10708,1004,2026-02-21,web,1,79.0,0.0,0,delivered
52777,10708,1002,2026-02-26,web,1,149.0,10.0,0,delivered
52778,10709,1013,2025-03-06,android,2,34.0,0.0,1,returned
52779,10709,1011,2025-04-08,store,1,24.0,0.0,0,shipped
52780,10710,1006,2025-10-22,web,1,199.0,0.0,0,delivered
52781,10710,1008,2025-11-02,web,1,39.0,0.0,1,returned
52782,10710,1008,2025-10-29,web,2,39.0,5.0,0,delivered
52783,10710,1006,2025-10-24,web,1,199.0,0.0,0,delivered
52784,10710,1005,2025-11-02,store,1,129.0,0.0,0,delivered
52785,10711,1007,2025-08-26,web,1,119.0,0.0,0,delivered
52786,10711,1014,2026-07-13,web,1,89.0,0.0,0,delivered
52787,10711,1005,2025-10-09,ios,1,129.0,0.0,0,delivered
52788,10712,1007,2025-03-16,ios,1,119.0,0.0,0,shipped
52789,10713,1002,2026-07-25,web,1,149.0,0.0,0,delivered
52790,10713,1011,2026-04-26,ios,1,24.0,0.0,0,shipped
52791,10713,1003,2026-02-24,web,2,59.0,0.0,0,delivered
52792,10713,1002,2026-03-10,android,1,149.0,10.0,0,delivered
52793,10713,1008,2025-11-05,web,1,39.0,0.0,0,delivered
52794,10713,1011,2026-03-18,android,1,24.0,10.0,0,delivered
52795,10713,1001,2025-12-29,ios,1,89.0,10.0,0,delivered
52796,10714,1014,2026-02-26,web,1,89.0,0.0,0,delivered
52797,10715,1015,2026-07-04,web,2,49.0,0.0,0,delivered
52798,10716,1010,2026-07-18,android,1,29.0,0.0,0,delivered
52799,10717,1012,2026-05-19,ios,1,15.0,0.0,0,delivered
52800,10717,1014,2025-03-17,android,2,89.0,5.0,0,delivered
52801,10717,1011,2026-06-23,web,1,24.0,5.0,0,delivered
52802,10717,1008,2026-06-07,web,1,39.0,5.0,0,delivered
52803,10717,1005,2026-02-18,ios,1,129.0,0.0,0,delivered
52804,10718,1012,2025-11-01,ios,1,15.0,0.0,0,delivered
52805,10718,1004,2025-04-24,store,1,79.0,0.0,0,delivered
52806,10718,1007,2025-07-12,android,1,119.0,0.0,0,delivered
52807,10719,1002,2025-12-09,store,1,149.0,0.0,0,cancelled
52808,10719,1004,2025-07-27,web,1,79.0,0.0,0,delivered
52809,10720,1009,2026-01-11,android,1,69.0,0.0,0,delivered
52810,10720,1004,2026-03-13,web,1,79.0,0.0,0,delivered
52811,10721,1004,2026-04-17,web,1,79.0,0.0,0,delivered
52812,10721,1015,2026-02-13,web,1,49.0,0.0,0,delivered
52813,10721,1008,2026-04-08,store,1,39.0,0.0,0,delivered
52814,10721,1012,2026-05-20,web,1,15.0,0.0,0,delivered
52815,10721,1001,2026-06-03,web,1,89.0,0.0,0,cancelled
52816,10721,1011,2026-02-28,android,1,24.0,5.0,0,delivered
52817,10722,1008,2026-04-18,web,1,39.0,5.0,0,delivered
52818,10722,1010,2026-02-18,android,1,29.0,0.0,0,delivered
52819,10722,1006,2025-07-08,web,1,199.0,10.0,0,delivered
52820,10722,1004,2026-02-04,android,1,79.0,0.0,0,delivered
52821,10722,1004,2025-07-03,android,1,79.0,5.0,0,delivered
52822,10722,1011,2025-06-17,web,1,24.0,0.0,0,delivered
52823,10722,1008,2026-01-21,web,1,39.0,0.0,0,delivered
52824,10723,1006,2025-10-31,ios,1,199.0,0.0,0,delivered
52825,10723,1006,2025-08-27,web,1,199.0,15.0,0,delivered
52826,10723,1013,2025-08-13,store,1,34.0,0.0,0,delivered
52827,10723,1004,2025-11-06,web,1,79.0,0.0,0,delivered
52828,10724,1005,2026-04-02,web,2,129.0,0.0,0,cancelled
52829,10724,1010,2026-03-24,store,1,29.0,0.0,0,delivered
52830,10724,1006,2026-08-01,android,1,199.0,0.0,0,delivered
52831,10724,1014,2026-04-11,ios,1,89.0,0.0,0,delivered
52832,10724,1004,2026-05-05,web,1,79.0,0.0,0,delivered
52833,10725,1006,2026-01-10,ios,1,199.0,0.0,0,delivered
52834,10725,1008,2026-04-26,web,1,39.0,0.0,0,delivered
52835,10725,1011,2025-09-27,store,1,24.0,0.0,0,delivered
52836,10725,1007,2025-09-28,android,1,119.0,5.0,1,returned
52837,10725,1009,2025-11-12,web,1,69.0,0.0,0,delivered
52838,10726,1013,2026-07-31,ios,1,34.0,0.0,0,delivered
52839,10726,1009,2026-06-17,ios,1,69.0,0.0,1,returned
52840,10726,1001,2026-05-12,ios,1,89.0,0.0,0,delivered
52841,10726,1014,2026-07-09,android,1,89.0,0.0,0,delivered
52842,10726,1007,2026-01-17,web,1,119.0,0.0,0,delivered
52843,10727,1001,2026-06-29,store,1,89.0,0.0,0,delivered
52844,10727,1006,2026-01-28,web,1,199.0,0.0,0,delivered
52845,10727,1003,2026-02-27,web,1,59.0,5.0,0,shipped
52846,10727,1001,2025-10-17,web,1,89.0,10.0,0,delivered
52847,10727,1008,2025-08-10,ios,1,39.0,0.0,0,delivered
52848,10728,1014,2026-02-25,web,1,89.0,0.0,0,delivered
52849,10728,1002,2026-06-25,android,1,149.0,5.0,0,delivered
52850,10728,1001,2025-02-16,ios,1,89.0,0.0,0,delivered
52851,10728,1014,2025-02-23,ios,2,89.0,0.0,1,returned
52852,10729,1005,2025-09-27,android,1,129.0,0.0,0,delivered
52853,10730,1013,2025-08-11,store,1,34.0,0.0,0,delivered
52854,10730,1014,2026-07-27,web,1,89.0,0.0,0,delivered
52855,10730,1010,2026-04-05,web,1,29.0,0.0,0,delivered
52856,10730,1006,2025-12-04,ios,1,199.0,0.0,0,cancelled
52857,10731,1008,2026-03-25,web,1,39.0,0.0,0,delivered
52858,10732,1015,2025-12-15,android,1,49.0,10.0,0,delivered
52859,10732,1004,2026-01-02,web,1,79.0,0.0,0,delivered
52860,10732,1012,2025-11-20,android,2,15.0,0.0,0,delivered
52861,10732,1010,2025-12-16,web,1,29.0,0.0,1,returned
52862,10732,1003,2025-12-03,android,1,59.0,0.0,0,delivered
52863,10733,1014,2025-08-27,web,1,89.0,0.0,0,delivered
52864,10733,1013,2025-06-14,ios,1,34.0,0.0,0,delivered
52865,10733,1003,2025-07-16,web,3,59.0,5.0,0,shipped
52866,10733,1005,2025-07-10,store,1,129.0,0.0,0,cancelled
52867,10733,1008,2025-07-03,web,1,39.0,0.0,1,returned
52868,10734,1005,2026-08-21,ios,1,129.0,0.0,1,returned
52869,10734,1012,2025-11-26,android,1,15.0,0.0,0,delivered
52870,10734,1007,2026-03-09,web,1,119.0,0.0,0,delivered
52871,10734,1005,2026-06-07,web,1,129.0,0.0,0,delivered
52872,10734,1009,2026-03-05,ios,1,69.0,0.0,0,delivered
52873,10734,1009,2025-08-30,ios,2,69.0,5.0,0,delivered
52874,10735,1012,2026-02-15,ios,1,15.0,5.0,0,delivered
52875,10735,1004,2026-07-17,web,2,79.0,5.0,1,returned
52876,10735,1004,2026-01-07,web,1,79.0,0.0,0,delivered
52877,10735,1015,2026-03-01,store,1,49.0,5.0,1,returned
52878,10735,1007,2026-03-26,web,1,119.0,0.0,0,delivered
52879,10736,1015,2026-08-13,android,1,49.0,0.0,0,delivered
52880,10736,1011,2025-11-11,ios,2,24.0,0.0,0,cancelled
52881,10736,1002,2025-12-08,web,1,149.0,0.0,0,delivered
52882,10736,1001,2026-07-07,web,3,89.0,0.0,0,delivered
52883,10736,1001,2025-03-27,store,1,89.0,10.0,0,delivered
52884,10736,1014,2026-02-24,web,2,89.0,10.0,0,delivered
52885,10736,1005,2026-01-07,android,1,129.0,0.0,0,delivered
52886,10737,1007,2025-10-16,ios,1,119.0,0.0,0,delivered
52887,10737,1011,2026-03-16,web,1,24.0,0.0,0,delivered
52888,10737,1003,2026-01-01,web,1,59.0,10.0,0,delivered
52889,10737,1009,2026-05-08,ios,1,69.0,5.0,0,delivered
52890,10737,1004,2026-08-17,web,1,79.0,0.0,0,delivered
52891,10737,1010,2025-12-23,web,1,29.0,5.0,0,delivered
52892,10738,1002,2026-06-20,ios,2,149.0,10.0,0,delivered
52893,10738,1003,2025-07-18,ios,1,59.0,0.0,0,shipped
52894,10738,1005,2026-02-01,ios,1,129.0,0.0,0,delivered
52895,10738,1015,2025-06-27,web,1,49.0,0.0,1,returned
52896,10738,1008,2026-01-30,web,1,39.0,0.0,0,delivered
52897,10738,1011,2025-07-23,web,1,24.0,5.0,0,delivered
52898,10738,1013,2026-06-23,web,1,34.0,15.0,0,delivered
52899,10739,1004,2025-11-29,android,2,79.0,0.0,0,delivered
52900,10739,1010,2025-11-10,web,1,29.0,0.0,0,delivered
52901,10739,1005,2025-11-11,web,1,129.0,0.0,0,shipped
52902,10740,1006,2025-12-07,store,2,199.0,0.0,0,delivered
52903,10741,1012,2026-04-03,web,1,15.0,0.0,0,delivered
52904,10741,1008,2025-07-16,store,2,39.0,0.0,0,delivered
52905,10741,1013,2025-08-17,store,1,34.0,0.0,0,delivered
52906,10741,1002,2025-07-19,android,1,149.0,5.0,0,shipped
52907,10741,1001,2025-11-14,web,1,89.0,0.0,0,delivered
52908,10742,1011,2026-02-14,ios,3,24.0,0.0,0,delivered
52909,10742,1008,2026-01-27,web,1,39.0,0.0,0,shipped
52910,10743,1006,2025-05-11,web,1,199.0,0.0,0,delivered
52911,10743,1001,2026-02-02,ios,1,89.0,0.0,0,delivered
52912,10743,1009,2025-08-19,web,1,69.0,15.0,0,delivered
52913,10743,1011,2025-08-06,store,1,24.0,0.0,0,delivered
52914,10743,1002,2025-05-23,web,3,149.0,5.0,0,delivered
52915,10743,1009,2026-01-22,web,1,69.0,0.0,0,delivered
52916,10744,1014,2025-12-11,ios,1,89.0,5.0,0,delivered
52917,10744,1012,2026-06-08,ios,1,15.0,10.0,0,delivered
52918,10744,1009,2026-03-30,android,1,69.0,0.0,0,delivered
52919,10745,1004,2025-12-23,web,1,79.0,0.0,0,delivered
52920,10746,1005,2025-08-18,ios,1,129.0,0.0,0,delivered
52921,10746,1005,2026-03-09,web,1,129.0,0.0,1,returned
52922,10746,1005,2026-04-07,web,1,129.0,0.0,0,delivered
52923,10747,1001,2025-11-19,web,2,89.0,0.0,0,shipped
52924,10747,1011,2025-09-25,ios,1,24.0,0.0,0,delivered
52925,10747,1001,2025-09-17,android,1,89.0,0.0,0,delivered
52926,10747,1015,2026-05-15,android,1,49.0,0.0,0,delivered
52927,10747,1001,2026-05-07,android,1,89.0,0.0,0,delivered
52928,10747,1004,2026-02-06,web,1,79.0,10.0,0,delivered
52929,10748,1003,2026-01-04,web,1,59.0,5.0,0,delivered
52930,10748,1008,2026-06-22,ios,1,39.0,5.0,0,delivered
52931,10748,1014,2025-12-24,ios,1,89.0,0.0,0,delivered
52932,10748,1012,2026-04-27,web,1,15.0,0.0,0,delivered
52933,10748,1005,2026-05-03,web,1,129.0,0.0,0,delivered
52934,10749,1008,2026-07-19,web,1,39.0,0.0,1,returned
52935,10749,1013,2026-05-24,web,1,34.0,0.0,0,delivered
52936,10749,1013,2026-05-25,store,1,34.0,0.0,1,returned
52937,10750,1002,2026-06-26,android,1,149.0,0.0,0,delivered
52938,10750,1013,2026-04-26,ios,1,34.0,0.0,1,returned
52939,10751,1011,2025-09-23,web,1,24.0,0.0,0,delivered
52940,10752,1007,2026-01-21,store,1,119.0,15.0,0,delivered
52941,10752,1014,2026-02-27,android,3,89.0,0.0,1,returned
52942,10752,1013,2026-08-18,web,1,34.0,0.0,0,delivered
52943,10752,1010,2026-04-16,ios,1,29.0,5.0,0,shipped
52944,10752,1004,2026-04-19,store,1,79.0,0.0,0,delivered
52945,10752,1004,2026-04-27,web,1,79.0,10.0,0,delivered
52946,10753,1007,2026-04-03,android,1,119.0,0.0,0,delivered
52947,10754,1008,2026-05-12,web,1,39.0,0.0,0,delivered
52948,10754,1006,2026-04-24,ios,1,199.0,0.0,0,delivered
52949,10754,1008,2025-07-20,web,2,39.0,0.0,0,delivered
52950,10755,1006,2026-01-07,ios,1,199.0,5.0,0,delivered
52951,10756,1012,2026-06-07,web,1,15.0,0.0,0,delivered
52952,10756,1003,2026-05-20,android,1,59.0,0.0,0,delivered
52953,10756,1011,2026-04-09,web,1,24.0,15.0,0,delivered
52954,10756,1015,2026-01-02,store,1,49.0,0.0,0,delivered
52955,10757,1006,2026-03-26,web,1,199.0,0.0,0,delivered
52956,10757,1014,2025-04-27,store,1,89.0,0.0,1,returned
52957,10757,1013,2025-10-08,store,1,34.0,0.0,1,returned
52958,10757,1006,2026-01-31,android,1,199.0,0.0,0,delivered
52959,10757,1007,2025-04-14,ios,1,119.0,10.0,0,delivered
52960,10758,1013,2025-12-07,web,1,34.0,0.0,0,delivered
52961,10758,1012,2026-01-18,web,1,150.0,0.0,0,delivered
52962,10758,1002,2026-02-25,store,1,149.0,0.0,0,delivered
52963,10758,1008,2026-01-06,ios,1,39.0,0.0,0,delivered
52964,10758,1013,2026-08-01,web,1,34.0,0.0,1,returned
52965,10758,1013,2026-01-29,ios,1,34.0,5.0,0,delivered
52966,10758,1004,2026-07-12,ios,1,79.0,5.0,0,delivered
52967,10759,1013,2026-08-19,web,1,34.0,0.0,0,delivered
52968,10760,1012,2025-06-02,ios,1,15.0,0.0,0,delivered
52969,10760,1009,2026-06-29,ios,1,69.0,0.0,0,delivered
52970,10760,1011,2026-01-26,store,1,24.0,5.0,0,cancelled
52971,10760,1006,2026-06-17,web,1,199.0,0.0,0,delivered
52972,10761,1012,2026-01-01,android,2,15.0,0.0,0,delivered
52973,10761,1009,2025-12-14,ios,1,69.0,0.0,0,delivered
52974,10761,1012,2025-12-20,web,1,15.0,0.0,0,delivered
52975,10762,1015,2025-07-20,web,3,49.0,10.0,1,returned
52976,10763,1010,2026-06-29,ios,1,29.0,0.0,1,returned
52977,10763,1011,2026-01-07,web,2,24.0,15.0,0,delivered
52978,10763,1014,2026-04-26,store,1,89.0,0.0,0,delivered
52979,10763,1003,2025-12-23,web,1,59.0,0.0,0,delivered
52980,10763,1015,2025-04-06,web,1,49.0,0.0,0,delivered
52981,10764,1014,2026-07-16,store,1,89.0,5.0,0,delivered
52982,10764,1002,2026-04-08,web,1,149.0,0.0,0,shipped
52983,10764,1007,2026-01-12,ios,1,119.0,0.0,1,returned
52984,10765,1013,2026-03-12,android,1,34.0,0.0,0,delivered
52985,10765,1008,2025-02-22,ios,1,39.0,0.0,0,delivered
52986,10765,1010,2026-05-12,web,1,29.0,15.0,0,delivered
52987,10766,1003,2026-01-16,android,1,59.0,5.0,0,delivered
52988,10766,1014,2026-02-01,android,1,89.0,0.0,0,delivered
52989,10766,1015,2026-01-18,ios,1,49.0,0.0,0,delivered
52990,10766,1007,2026-02-13,store,3,119.0,0.0,0,delivered
52991,10767,1009,2025-12-18,store,2,69.0,0.0,0,delivered
52992,10767,1014,2026-06-08,web,1,89.0,0.0,0,shipped
52993,10767,1006,2026-01-04,web,1,199.0,0.0,0,delivered
52994,10767,1012,2026-04-27,ios,1,15.0,0.0,0,delivered
52995,10767,1005,2025-11-13,web,1,129.0,0.0,0,delivered
52996,10767,1007,2026-05-12,ios,1,119.0,0.0,0,delivered
52997,10767,1009,2025-11-02,web,2,69.0,0.0,0,delivered
52998,10768,1003,2025-12-17,web,1,59.0,10.0,0,delivered
52999,10768,1005,2025-06-18,web,1,129.0,0.0,0,delivered
53000,10768,1015,2025-08-15,android,1,49.0,5.0,0,delivered
53001,10768,1009,2025-09-25,web,2,69.0,0.0,0,delivered
53002,10769,1005,2026-05-07,web,1,129.0,0.0,0,delivered
53003,10769,1002,2026-08-11,ios,1,149.0,5.0,0,delivered
53004,10769,1013,2026-07-06,web,1,34.0,15.0,0,cancelled
53005,10769,1013,2025-09-03,ios,3,34.0,0.0,0,delivered
53006,10769,1001,2025-11-16,ios,1,89.0,0.0,0,delivered
53007,10769,1002,2025-05-13,store,1,149.0,0.0,0,cancelled
53008,10769,1011,2026-02-17,ios,1,24.0,0.0,0,shipped
53009,10769,1013,2025-06-13,web,1,34.0,0.0,1,returned
53010,10769,1011,2025-04-14,web,1,24.0,5.0,1,returned
53011,10770,1003,2025-11-13,store,1,59.0,5.0,0,delivered
53012,10770,1015,2026-01-10,web,1,49.0,0.0,0,delivered
53013,10770,1002,2026-04-14,ios,1,149.0,0.0,0,shipped
53014,10770,1006,2026-06-11,web,1,199.0,5.0,0,delivered
53015,10770,1004,2026-02-07,web,1,79.0,5.0,0,delivered
53016,10770,1015,2026-04-23,ios,1,49.0,0.0,0,shipped
53017,10770,1013,2026-06-11,android,2,34.0,15.0,0,delivered
53018,10771,1007,2025-08-19,store,1,119.0,10.0,0,delivered
53019,10771,1004,2025-11-16,android,1,79.0,0.0,0,delivered
53020,10771,1014,2025-08-31,web,1,89.0,10.0,1,returned
53021,10771,1013,2026-02-09,ios,1,34.0,0.0,0,delivered
53022,10771,1003,2025-10-03,web,1,59.0,0.0,0,delivered
53023,10771,1004,2026-04-13,web,1,79.0,0.0,0,delivered
53024,10771,1002,2025-06-03,web,2,149.0,5.0,1,returned
53025,10771,1011,2025-12-16,web,1,24.0,0.0,0,delivered
53026,10772,1001,2025-12-14,web,1,89.0,15.0,0,shipped
53027,10772,1003,2026-05-11,ios,1,59.0,0.0,0,delivered
53028,10772,1002,2025-12-14,web,1,149.0,10.0,0,delivered
53029,10772,1007,2026-08-20,web,1,119.0,15.0,0,delivered
53030,10773,1010,2026-08-16,ios,1,29.0,0.0,0,delivered
53031,10773,1013,2025-05-31,ios,1,34.0,5.0,0,delivered
53032,10773,1012,2025-11-06,store,1,15.0,0.0,0,shipped
53033,10773,1008,2026-06-11,ios,1,39.0,0.0,1,returned
53034,10774,1014,2025-04-02,web,1,89.0,0.0,1,returned
53035,10774,1012,2026-01-16,web,2,15.0,15.0,0,delivered
53036,10774,1010,2026-06-27,android,1,29.0,0.0,0,delivered
53037,10774,1013,2026-08-06,android,1,34.0,10.0,0,delivered
53038,10774,1015,2025-10-19,android,1,49.0,5.0,0,delivered
53039,10775,1001,2026-02-27,android,1,89.0,0.0,0,shipped
53040,10776,1004,2025-12-23,ios,1,79.0,0.0,0,delivered
53041,10776,1012,2025-02-26,store,1,15.0,15.0,0,delivered
53042,10776,1003,2026-01-19,web,1,59.0,0.0,0,delivered
53043,10777,1012,2025-09-07,store,1,15.0,0.0,0,shipped
53044,10777,1010,2025-08-25,store,1,29.0,0.0,0,delivered
53045,10778,1012,2026-08-25,web,1,15.0,0.0,0,delivered
53046,10778,1012,2026-04-24,ios,1,15.0,5.0,0,delivered
53047,10778,1005,2026-03-03,web,1,129.0,0.0,1,returned
53048,10778,1007,2026-06-20,web,1,119.0,0.0,0,delivered
53049,10778,1002,2026-03-14,ios,1,149.0,0.0,0,delivered
53050,10778,1010,2026-05-26,web,1,29.0,0.0,0,delivered
53051,10779,1003,2026-04-29,web,1,59.0,0.0,0,delivered
53052,10779,1009,2026-07-25,ios,1,69.0,0.0,0,delivered
53053,10779,1011,2025-11-03,android,1,24.0,0.0,0,delivered
53054,10779,1004,2025-11-14,ios,1,79.0,10.0,0,delivered
53055,10779,1013,2026-08-19,web,1,34.0,0.0,0,shipped
53056,10780,1008,2026-07-13,android,1,39.0,0.0,1,returned
53057,10780,1004,2025-11-15,web,1,79.0,0.0,0,delivered
53058,10780,1005,2026-04-05,web,1,129.0,5.0,1,returned
53059,10780,1003,2026-05-08,ios,1,59.0,0.0,0,delivered
53060,10780,1005,2026-05-15,ios,1,129.0,0.0,0,delivered
53061,10780,1013,2025-06-29,web,1,34.0,0.0,0,delivered
53062,10780,1011,2026-01-15,web,1,24.0,0.0,0,delivered
53063,10780,1015,2025-11-24,ios,1,49.0,0.0,0,delivered
53064,10781,1006,2025-11-13,web,1,199.0,0.0,0,delivered
53065,10781,1013,2026-06-24,web,2,34.0,0.0,0,delivered
53066,10781,1003,2026-01-30,ios,1,59.0,5.0,0,delivered
53067,10781,1015,2026-02-25,web,1,49.0,5.0,0,shipped
53068,10781,1006,2026-03-09,web,1,199.0,15.0,0,cancelled
53069,10781,1005,2026-05-01,web,3,129.0,0.0,0,delivered
53070,10781,1006,2026-02-17,web,1,199.0,0.0,0,delivered
53071,10781,1012,2026-05-15,android,1,15.0,0.0,0,delivered
53072,10782,1005,2026-01-02,ios,1,129.0,0.0,0,delivered
53073,10783,1015,2026-07-03,web,1,49.0,0.0,0,shipped
53074,10783,1010,2026-02-01,ios,1,29.0,5.0,0,delivered
53075,10783,1013,2026-02-17,android,1,34.0,0.0,0,shipped
53076,10783,1012,2026-01-26,ios,1,15.0,0.0,0,delivered
53077,10783,1015,2026-05-28,web,1,49.0,0.0,1,returned
53078,10783,1011,2025-11-30,android,1,24.0,10.0,0,delivered
53079,10783,1008,2026-04-09,android,1,39.0,0.0,0,delivered
53080,10784,1014,2025-08-08,web,1,89.0,5.0,1,returned
53081,10784,1012,2026-05-28,store,1,15.0,10.0,0,delivered
53082,10784,1013,2026-02-11,ios,1,34.0,0.0,0,delivered
53083,10784,1011,2026-03-26,web,2,24.0,0.0,0,delivered
53084,10784,1011,2025-12-25,store,1,24.0,10.0,0,delivered
53085,10785,1004,2025-08-30,store,1,79.0,0.0,0,delivered
53086,10785,1001,2025-08-26,store,1,89.0,0.0,0,shipped
53087,10785,1009,2025-08-23,ios,1,69.0,0.0,0,delivered
53088,10785,1006,2025-08-16,web,3,199.0,0.0,0,delivered
53089,10785,1014,2025-08-29,web,1,89.0,5.0,0,delivered
53090,10786,1010,2026-01-06,android,1,29.0,0.0,0,delivered
53091,10786,1013,2026-03-05,web,1,34.0,5.0,0,cancelled
53092,10786,1001,2025-10-11,ios,3,89.0,0.0,0,delivered
53093,10786,1003,2026-03-02,web,2,59.0,0.0,0,delivered
53094,10786,1006,2026-04-26,store,1,199.0,5.0,0,delivered
53095,10786,1008,2025-06-01,store,1,39.0,0.0,0,cancelled
53096,10787,1011,2026-05-21,ios,1,24.0,0.0,0,delivered
53097,10787,1009,2025-12-11,android,1,69.0,0.0,0,delivered
53098,10787,1003,2025-12-14,android,2,59.0,0.0,0,delivered
53099,10787,1007,2026-08-03,android,1,119.0,5.0,0,delivered
53100,10787,1014,2026-04-17,ios,2,89.0,5.0,0,delivered
53101,10787,1007,2026-01-14,android,1,119.0,5.0,0,delivered
53102,10788,1009,2025-11-20,ios,2,69.0,0.0,0,cancelled
53103,10788,1005,2025-11-27,web,1,129.0,0.0,0,delivered
53104,10789,1003,2025-05-20,ios,1,59.0,0.0,0,delivered
53105,10790,1004,2026-02-20,android,1,79.0,0.0,0,delivered
53106,10790,1015,2026-08-18,ios,1,49.0,0.0,0,delivered
53107,10790,1001,2025-11-18,web,1,89.0,0.0,0,delivered
53108,10790,1014,2026-01-04,android,1,89.0,0.0,0,delivered
53109,10790,1009,2026-05-19,web,1,69.0,10.0,0,delivered
53110,10790,1004,2026-06-11,web,1,79.0,0.0,0,delivered
53111,10790,1001,2026-04-28,web,1,89.0,0.0,0,delivered
53112,10791,1009,2026-07-07,android,3,69.0,0.0,1,returned
53113,10791,1012,2025-11-19,store,1,15.0,0.0,0,cancelled
53114,10791,1009,2025-11-06,android,2,69.0,5.0,0,delivered
53115,10791,1009,2025-11-27,android,1,69.0,10.0,0,delivered
53116,10791,1001,2026-05-17,web,1,89.0,0.0,0,delivered
53117,10792,1015,2026-05-13,web,1,49.0,0.0,0,shipped
53118,10792,1007,2025-09-27,android,1,119.0,0.0,0,delivered
53119,10792,1004,2025-07-09,web,1,79.0,0.0,0,delivered
53120,10792,1015,2026-03-08,web,1,49.0,0.0,1,returned
53121,10792,1013,2026-08-14,web,1,34.0,0.0,0,delivered
53122,10792,1013,2026-05-27,android,1,34.0,10.0,0,delivered
53123,10792,1010,2025-11-22,ios,2,29.0,0.0,0,delivered
53124,10793,1005,2026-01-09,store,1,129.0,0.0,1,returned
53125,10793,1013,2025-10-11,android,2,34.0,0.0,0,delivered
53126,10793,1005,2025-09-13,web,1,129.0,10.0,0,shipped
53127,10794,1002,2026-04-24,android,1,149.0,0.0,0,delivered
53128,10794,1013,2025-12-28,android,1,34.0,15.0,0,delivered
53129,10795,1010,2025-10-09,store,1,29.0,0.0,0,delivered
53130,10795,1013,2026-02-06,store,1,34.0,0.0,1,returned
53131,10795,1003,2025-07-15,store,1,59.0,5.0,0,delivered
53132,10795,1014,2025-10-27,web,2,89.0,0.0,0,delivered
53133,10795,1001,2026-02-04,web,2,89.0,5.0,0,delivered
53134,10796,1012,2026-08-05,ios,1,15.0,0.0,0,delivered
53135,10796,1013,2026-03-09,android,1,34.0,0.0,0,shipped
53136,10796,1009,2026-01-20,web,1,69.0,0.0,1,returned
53137,10797,1015,2026-08-15,store,1,49.0,0.0,0,delivered
53138,10797,1001,2026-01-16,web,1,89.0,0.0,0,delivered
53139,10797,1003,2025-12-10,web,1,59.0,0.0,0,delivered
53140,10797,1015,2026-05-14,store,3,49.0,0.0,0,delivered
53141,10797,1004,2025-11-16,web,1,79.0,0.0,0,delivered
53142,10797,1010,2025-11-21,ios,1,29.0,0.0,0,delivered
53143,10798,1013,2025-10-28,store,1,34.0,5.0,0,delivered
53144,10798,1001,2025-08-24,android,1,89.0,0.0,0,delivered
53145,10798,1006,2026-04-14,web,1,199.0,0.0,0,delivered
53146,10799,1002,2026-04-14,web,1,149.0,0.0,0,delivered
53147,10799,1014,2026-06-21,web,1,89.0,10.0,1,returned
53148,10799,1003,2026-07-05,android,1,59.0,0.0,0,delivered
53149,10799,1013,2026-01-29,web,2,34.0,5.0,0,delivered
53150,10799,1002,2026-08-06,web,1,149.0,0.0,0,delivered
53151,10799,1006,2026-05-17,web,1,199.0,10.0,0,cancelled
53152,10800,1009,2026-07-25,ios,1,69.0,0.0,0,shipped
53153,10800,1015,2026-06-10,android,1,49.0,0.0,0,delivered
53154,10800,1014,2026-04-09,android,1,89.0,0.0,0,delivered
53155,10801,1004,2026-05-26,web,1,79.0,0.0,0,delivered
53156,10801,1003,2026-05-17,store,1,59.0,0.0,0,delivered
53157,10801,1008,2025-09-21,web,1,39.0,0.0,0,delivered
53158,10802,1010,2026-02-07,android,1,29.0,0.0,1,returned
53159,10803,1014,2026-06-14,web,1,89.0,0.0,0,delivered
53160,10803,1006,2026-03-25,android,1,199.0,0.0,0,delivered
53161,10803,1003,2026-04-03,web,1,59.0,0.0,0,delivered
53162,10804,1014,2025-11-27,web,1,89.0,0.0,1,returned
53163,10804,1013,2026-07-18,web,3,34.0,0.0,0,delivered
53164,10804,1003,2026-07-13,ios,1,59.0,0.0,0,delivered
53165,10804,1012,2026-07-11,web,1,15.0,0.0,0,delivered
53166,10805,1002,2026-08-10,web,1,149.0,0.0,0,delivered
53167,10805,1001,2025-10-04,store,1,89.0,0.0,0,delivered
53168,10805,1013,2025-01-31,web,1,34.0,0.0,0,delivered
53169,10805,1006,2025-09-15,android,1,199.0,10.0,0,delivered
53170,10805,1012,2026-08-05,store,1,15.0,0.0,0,delivered
53171,10805,1015,2026-03-07,ios,1,49.0,0.0,1,returned
53172,10805,1002,2025-06-20,ios,1,1490.0,0.0,0,delivered
53173,10806,1014,2026-08-18,ios,1,89.0,0.0,1,returned
53174,10807,1005,2025-08-15,ios,1,129.0,0.0,0,delivered
53175,10807,1013,2025-08-06,ios,1,34.0,0.0,0,delivered
53176,10807,1001,2025-10-11,store,1,89.0,0.0,0,delivered
53177,10807,1014,2025-10-06,ios,1,89.0,0.0,0,delivered
53178,10808,1013,2025-09-24,ios,2,34.0,0.0,1,returned
53179,10808,1001,2025-09-20,web,1,89.0,0.0,0,delivered
53180,10808,1011,2026-03-19,android,1,24.0,0.0,0,cancelled
53181,10808,1013,2026-03-30,web,1,34.0,0.0,1,returned
53182,10808,1015,2026-03-20,web,1,49.0,0.0,0,delivered
53183,10808,1001,2025-11-14,store,1,89.0,0.0,0,shipped
53184,10809,1010,2025-07-31,ios,1,29.0,0.0,0,delivered
53185,10809,1001,2026-01-07,ios,1,89.0,0.0,1,returned
53186,10810,1015,2025-12-09,ios,1,49.0,15.0,1,returned
53187,10810,1008,2026-08-12,web,1,39.0,15.0,0,delivered
53188,10810,1002,2025-11-08,store,1,149.0,0.0,0,delivered
53189,10810,1009,2025-05-21,web,1,69.0,0.0,0,delivered
53190,10810,1007,2026-01-27,web,1,119.0,0.0,0,delivered
53191,10811,1013,2026-02-16,ios,1,34.0,0.0,0,delivered
53192,10811,1010,2026-02-06,web,1,29.0,0.0,0,delivered
53193,10811,1012,2025-09-04,web,1,15.0,0.0,0,delivered
53194,10811,1001,2025-12-21,web,2,89.0,0.0,0,shipped
53195,10811,1014,2025-12-20,store,1,89.0,5.0,0,delivered
53196,10811,1009,2026-03-17,web,1,69.0,5.0,0,delivered
53197,10811,1012,2026-08-01,web,1,15.0,0.0,0,delivered
53198,10812,1011,2025-10-30,ios,1,24.0,0.0,0,delivered
53199,10813,1001,2026-01-27,android,1,89.0,0.0,0,delivered
53200,10813,1013,2026-05-16,web,1,34.0,0.0,0,delivered
53201,10814,1003,2026-03-26,web,1,59.0,0.0,0,shipped
53202,10814,1005,2025-11-17,ios,1,129.0,0.0,1,returned
53203,10815,1001,2026-01-11,web,1,89.0,0.0,0,delivered
53204,10815,1004,2026-04-24,web,1,79.0,0.0,0,delivered
53205,10815,1013,2025-06-25,web,1,34.0,0.0,0,delivered
53206,10815,1013,2026-03-25,web,1,34.0,0.0,1,returned
53207,10816,1003,2025-09-08,web,1,59.0,0.0,0,delivered
53208,10816,1007,2025-05-26,web,1,119.0,0.0,0,delivered
53209,10816,1008,2026-05-17,android,1,39.0,0.0,0,delivered
53210,10817,1011,2026-08-12,web,1,24.0,5.0,0,delivered
53211,10817,1007,2026-03-10,web,1,119.0,0.0,0,delivered
53212,10817,1005,2026-01-27,ios,2,129.0,0.0,0,delivered
53213,10817,1012,2026-04-13,store,1,15.0,0.0,0,delivered
53214,10817,1014,2026-06-21,ios,1,89.0,0.0,1,returned
53215,10818,1013,2025-08-24,android,1,34.0,15.0,0,delivered
53216,10818,1005,2026-01-27,store,1,129.0,0.0,0,delivered
53217,10818,1011,2026-03-06,android,2,24.0,0.0,0,cancelled
53218,10818,1001,2026-03-17,android,1,89.0,5.0,0,delivered
53219,10818,1003,2025-10-10,web,3,59.0,0.0,0,delivered
53220,10818,1004,2026-07-31,web,1,79.0,0.0,0,delivered
53221,10818,1009,2026-03-01,web,1,69.0,0.0,0,delivered
53222,10819,1011,2026-06-10,ios,1,24.0,5.0,0,delivered
53223,10820,1014,2025-07-30,web,1,89.0,0.0,0,delivered
53224,10820,1003,2026-03-31,android,1,59.0,5.0,0,delivered
53225,10820,1009,2026-06-20,web,1,69.0,10.0,0,delivered
53226,10821,1007,2025-05-03,store,2,119.0,0.0,0,delivered
53227,10821,1014,2025-07-03,android,1,89.0,0.0,0,delivered
53228,10821,1010,2025-08-05,ios,1,29.0,5.0,0,delivered
53229,10821,1010,2025-09-11,web,1,29.0,0.0,0,delivered
53230,10821,1002,2025-09-29,store,1,149.0,0.0,0,shipped
53231,10822,1005,2026-04-06,store,1,129.0,0.0,0,delivered
53232,10822,1011,2026-07-09,web,1,24.0,0.0,0,delivered
53233,10823,1014,2025-09-29,android,1,89.0,0.0,0,delivered
53234,10823,1010,2025-09-16,store,1,29.0,0.0,0,delivered
53235,10823,1005,2025-09-26,store,1,129.0,5.0,0,delivered
53236,10824,1010,2026-05-02,web,1,29.0,0.0,0,delivered
53237,10824,1008,2025-08-25,store,1,39.0,0.0,0,delivered
53238,10825,1005,2025-08-04,web,1,129.0,0.0,0,delivered
53239,10825,1015,2025-05-04,web,1,49.0,0.0,0,delivered
53240,10825,1014,2025-04-12,web,1,89.0,0.0,0,delivered
53241,10825,1003,2025-10-04,store,1,59.0,0.0,0,delivered
53242,10825,1003,2025-06-13,ios,1,59.0,0.0,0,delivered
53243,10826,1009,2026-05-09,web,1,69.0,0.0,0,delivered
53244,10826,1014,2025-09-04,web,1,89.0,0.0,1,returned
53245,10826,1007,2026-01-28,web,1,119.0,0.0,0,delivered
53246,10826,1009,2026-04-21,ios,1,69.0,0.0,0,delivered
53247,10827,1004,2025-12-12,ios,1,79.0,0.0,0,cancelled
53248,10827,1015,2026-04-10,store,1,49.0,0.0,0,delivered
53249,10827,1004,2025-12-05,web,1,79.0,5.0,1,returned
53250,10827,1001,2025-04-19,web,1,89.0,5.0,0,delivered
53251,10827,1002,2025-03-03,ios,1,149.0,0.0,0,delivered
53252,10828,1002,2025-10-21,store,2,149.0,0.0,0,delivered
53253,10829,1001,2026-04-19,web,1,89.0,15.0,0,delivered
53254,10829,1012,2026-07-09,web,1,15.0,0.0,0,cancelled
53255,10829,1010,2025-12-07,web,1,29.0,0.0,0,delivered
53256,10829,1002,2025-12-11,web,1,149.0,10.0,0,delivered
53257,10829,1014,2026-02-22,ios,1,89.0,0.0,0,delivered
53258,10829,1011,2026-07-09,ios,1,24.0,15.0,0,cancelled
53259,10829,1015,2026-01-02,ios,1,49.0,0.0,0,delivered
53260,10830,1009,2025-10-31,web,1,69.0,0.0,0,delivered
53261,10830,1013,2025-06-25,ios,1,34.0,0.0,0,cancelled
53262,10830,1007,2025-12-28,ios,3,119.0,0.0,0,delivered
53263,10831,1005,2026-01-19,ios,1,129.0,10.0,0,delivered
53264,10831,1004,2026-03-07,store,1,79.0,0.0,0,delivered
53265,10831,1007,2026-04-09,web,1,119.0,15.0,0,delivered
53266,10831,1005,2025-11-27,web,1,129.0,0.0,0,delivered
53267,10832,1009,2026-06-24,store,1,69.0,0.0,0,delivered
53268,10832,1013,2026-03-13,web,1,34.0,5.0,0,delivered
53269,10832,1001,2026-03-13,android,1,89.0,0.0,1,returned
53270,10832,1001,2026-06-02,android,1,89.0,0.0,0,delivered
53271,10832,1009,2026-01-28,ios,1,69.0,0.0,0,shipped
53272,10832,1004,2026-03-15,ios,1,79.0,0.0,0,delivered
53273,10832,1007,2026-02-24,android,1,119.0,0.0,0,delivered
53274,10832,1010,2026-06-29,web,1,29.0,5.0,0,delivered
53275,10833,1004,2026-03-02,web,1,79.0,0.0,0,delivered
53276,10834,1010,2025-09-27,web,1,29.0,15.0,0,delivered
53277,10835,1011,2025-07-06,android,1,24.0,0.0,0,delivered
53278,10835,1001,2026-08-07,android,1,89.0,0.0,0,delivered
53279,10835,1008,2026-07-14,ios,1,39.0,0.0,0,delivered
53280,10835,1005,2026-07-25,web,1,129.0,0.0,0,delivered
53281,10835,1010,2025-10-26,web,1,29.0,0.0,0,delivered
53282,10835,1006,2025-07-04,android,1,199.0,0.0,0,delivered
53283,10835,1002,2025-09-15,web,1,149.0,0.0,0,delivered
53284,10835,1008,2025-06-20,android,1,39.0,0.0,0,cancelled
53285,10835,1006,2025-06-10,web,1,199.0,0.0,0,delivered
53286,10835,1010,2026-02-11,web,1,29.0,0.0,0,delivered
53287,10836,1007,2026-08-11,android,1,119.0,0.0,0,delivered
53288,10836,1009,2026-07-03,web,1,69.0,5.0,0,delivered
53289,10836,1011,2026-05-16,android,1,24.0,0.0,0,delivered
53290,10836,1002,2025-11-23,android,1,149.0,0.0,0,delivered
53291,10836,1013,2025-08-22,web,1,34.0,5.0,0,delivered
53292,10836,1008,2026-07-17,web,1,39.0,0.0,0,delivered
53293,10836,1010,2026-07-05,store,1,29.0,0.0,0,delivered
53294,10837,1015,2026-06-16,web,1,49.0,0.0,0,delivered
53295,10837,1002,2026-08-11,web,1,149.0,0.0,0,delivered
53296,10837,1013,2026-01-02,web,1,34.0,10.0,0,delivered
53297,10837,1011,2025-12-18,web,1,24.0,0.0,0,delivered
53298,10838,1006,2026-07-12,web,1,199.0,0.0,0,delivered
53299,10838,1013,2026-05-06,android,1,34.0,5.0,0,delivered
53300,10838,1003,2026-07-07,android,1,59.0,0.0,0,delivered
53301,10838,1005,2026-06-04,web,1,129.0,0.0,0,delivered
53302,10839,1009,2025-10-23,web,1,69.0,0.0,0,delivered
53303,10839,1011,2025-09-04,ios,1,24.0,10.0,0,delivered
53304,10839,1013,2026-01-31,web,1,34.0,0.0,0,shipped
53305,10839,1004,2025-08-01,ios,1,79.0,10.0,0,cancelled
53306,10839,1015,2025-11-11,web,1,49.0,0.0,1,returned
53307,10840,1005,2025-05-03,web,1,129.0,0.0,0,delivered
53308,10840,1005,2026-06-10,ios,1,129.0,0.0,0,delivered
53309,10840,1007,2025-09-03,web,1,119.0,0.0,0,delivered
53310,10840,1006,2025-07-12,ios,2,199.0,5.0,0,delivered
53311,10841,1008,2026-03-15,ios,1,39.0,0.0,0,delivered
53312,10841,1005,2025-07-24,store,1,129.0,10.0,0,delivered
53313,10841,1007,2026-06-08,web,1,119.0,0.0,0,delivered
53314,10841,1010,2026-04-25,web,1,29.0,0.0,0,delivered
53315,10841,1006,2026-07-15,web,2,199.0,10.0,0,delivered
53316,10842,1005,2026-07-27,web,1,129.0,0.0,0,delivered
53317,10842,1011,2025-07-31,web,1,24.0,0.0,0,delivered
53318,10842,1012,2025-11-21,web,2,15.0,0.0,0,delivered
53319,10842,1002,2025-12-13,web,1,149.0,0.0,0,delivered
53320,10842,1003,2026-06-15,ios,1,59.0,5.0,0,delivered
53321,10842,1013,2026-08-07,ios,2,34.0,0.0,0,cancelled
53322,10843,1012,2026-04-17,ios,1,15.0,0.0,0,delivered
53323,10843,1003,2026-03-25,web,1,59.0,0.0,0,delivered
53324,10843,1013,2026-05-10,web,1,34.0,5.0,0,delivered
53325,10843,1004,2026-05-23,web,2,79.0,0.0,0,delivered
53326,10843,1013,2026-07-06,web,1,34.0,15.0,0,delivered
53327,10843,1012,2026-04-24,ios,1,15.0,0.0,0,delivered
53328,10843,1015,2026-01-16,android,1,49.0,0.0,0,delivered
53329,10844,1006,2025-05-19,ios,1,199.0,0.0,0,delivered
53330,10844,1007,2026-04-10,android,1,119.0,0.0,0,delivered
53331,10844,1003,2025-05-30,ios,1,59.0,10.0,0,cancelled
53332,10845,1007,2025-12-16,ios,1,119.0,0.0,1,returned
53333,10845,1009,2026-01-15,web,1,69.0,0.0,0,delivered
53334,10845,1009,2026-02-05,ios,1,69.0,0.0,0,delivered
53335,10845,1011,2026-05-16,web,1,24.0,0.0,0,delivered
53336,10846,1012,2025-12-21,web,2,15.0,0.0,0,delivered
53337,10846,1006,2026-07-25,ios,1,199.0,0.0,0,shipped
53338,10846,1015,2025-12-20,android,1,49.0,0.0,0,delivered
53339,10846,1007,2026-01-02,web,1,119.0,5.0,0,delivered
53340,10846,1012,2026-01-21,ios,1,15.0,5.0,0,delivered
53341,10847,1002,2026-08-10,web,1,149.0,15.0,0,delivered
53342,10847,1006,2025-05-10,web,1,199.0,0.0,0,delivered
53343,10847,1002,2026-04-16,android,1,149.0,0.0,0,cancelled
53344,10847,1003,2025-05-25,web,1,59.0,0.0,0,shipped
53345,10847,1013,2025-07-18,ios,1,34.0,0.0,0,delivered
53346,10848,1013,2026-08-20,web,1,34.0,0.0,0,delivered
53347,10848,1011,2025-08-19,store,1,24.0,0.0,0,delivered
53348,10848,1002,2026-01-29,web,1,149.0,5.0,0,delivered
53349,10848,1004,2026-07-30,web,1,79.0,0.0,0,delivered
53350,10848,1007,2025-08-24,android,1,119.0,0.0,0,cancelled
53351,10848,1010,2026-02-28,ios,1,29.0,5.0,0,delivered
53352,10848,1010,2025-09-26,web,1,29.0,5.0,0,delivered
53353,10848,1015,2025-10-05,ios,1,49.0,0.0,1,returned
53354,10849,1002,2025-05-03,ios,1,149.0,0.0,0,delivered
53355,10849,1008,2025-07-03,web,1,39.0,0.0,0,delivered
53356,10849,1013,2025-05-17,web,1,34.0,5.0,0,delivered
53357,10849,1006,2025-05-13,store,1,199.0,0.0,0,delivered
53358,10850,1004,2025-10-12,android,1,79.0,0.0,0,delivered
53359,10850,1004,2026-03-15,ios,2,79.0,0.0,0,delivered
53360,10850,1010,2025-12-03,web,1,29.0,10.0,0,cancelled
53361,10850,1001,2026-03-07,android,1,89.0,5.0,0,delivered
53362,10850,1005,2026-03-13,store,2,129.0,0.0,1,returned
90001,39999,1011,2025-01-30,ios,1,24.0,5.0,0,delivered
90002,39999,1015,2025-07-16,android,1,49.0,0.0,0,delivered
90003,39999,1002,2025-12-14,web,1,149.0,0.0,0,delivered
90004,39999,1006,2025-08-29,web,1,199.0,0.0,0,delivered
90005,39999,1013,2026-03-12,web,1,34.0,0.0,1,returned
90006,39999,1011,2026-02-14,ios,3,24.0,0.0,0,delivered
90007,39999,1010,2025-10-09,store,1,29.0,0.0,0,delivered
90008,39999,1004,2026-05-24,web,1,79.0,0.0,0,delivered
90009,39999,1011,2026-03-18,android,1,24.0,10.0,0,delivered
90010,39999,1008,2025-04-02,store,1,39.0,0.0,0,delivered
90011,39999,1013,2026-04-07,android,1,34.0,0.0,0,shipped
90012,39999,1010,2026-03-17,store,1,29.0,5.0,0,delivered
90013,39999,1014,2025-07-01,web,1,89.0,0.0,0,delivered
90014,39999,1011,2025-06-23,android,1,24.0,0.0,0,delivered
90015,39999,1004,2025-05-04,web,1,79.0,0.0,0,delivered
90016,39999,1007,2026-02-19,store,1,119.0,0.0,0,delivered
90017,39999,1015,2026-01-03,web,1,49.0,0.0,0,delivered
90018,39999,1012,2026-07-08,web,1,15.0,0.0,0,delivered
90019,39999,1002,2026-07-29,web,1,149.0,0.0,0,shipped
90020,39999,1014,2025-12-03,web,1,89.0,0.0,0,delivered
90021,39999,1014,2026-04-22,android,1,89.0,0.0,0,delivered
90022,39999,1005,2025-06-22,ios,2,129.0,15.0,0,delivered
90023,39999,1005,2025-07-23,web,1,129.0,5.0,0,delivered
90024,39999,1008,2026-01-20,android,1,39.0,0.0,0,delivered
90025,39999,1006,2025-12-12,web,1,199.0,0.0,0,delivered
